<?xml version = '1.0' encoding = 'UTF-8'?>
<FKIndexAssociation class="oracle.dbtools.crest.model.design.relational.FKIndexAssociation" directorySegmentName="seg_0" id="203221BB-1597-084B-B29B-5DB66182FA66" containerWithKeyObject="6A5669F6-63BA-0560-2094-2E9AA076940D" localFKIndex="B96CB3C2-D80B-5DDA-FA01-544FECD87DC1" name="DRIVER_CANCELLATION">
<createdBy>anmolbagati</createdBy>
<createdTime>2019-09-26 04:55:16 UTC</createdTime>
<generatorID>DE67676F-34C6-617B-0E19-4257839DF4FD</generatorID>
<ownerDesignName>Logical Model - Assignment 2</ownerDesignName>
<referredTableLongName>DRIVER</referredTableLongName>
<deleteRule>NO ACTION</deleteRule>
<referredTableID>48A33EAC-5581-6D45-01D1-BF0BDB014787</referredTableID>
<keyObject>63A59F0C-3625-E846-6812-C619524A7AA9</keyObject>
<referredKeyID>63A59F0C-3625-E846-6812-C619524A7AA9</referredKeyID>
<mandatory>true</mandatory>
<refColNames>license_no</refColNames>
<transferable>true</transferable>
<rely>false</rely>
<columnDependencyConstraintGenerateInDDL>true</columnDependencyConstraintGenerateInDDL>
</FKIndexAssociation>