<?xml version = '1.0' encoding = 'UTF-8'?>
<FKIndexAssociation class="oracle.dbtools.crest.model.design.relational.FKIndexAssociation" directorySegmentName="seg_0" id="24C1AC75-E1A4-E82B-AC69-3E591DE9EF8E" containerWithKeyObject="F1721EE5-EB08-B1D2-68F5-331814EA2780" localFKIndex="E021B869-96E8-A2D6-5E56-907A07B864D5" name="CLASSIFICATION_VEHICLE">
<createdBy>anmolbagati</createdBy>
<createdTime>2019-09-26 04:55:16 UTC</createdTime>
<generatorID>2B8DDF64-9BBB-28C3-3681-7B95ABB68A85</generatorID>
<ownerDesignName>Logical Model - Assignment 2</ownerDesignName>
<referredTableLongName>CLASSIFICATION</referredTableLongName>
<deleteRule>NO ACTION</deleteRule>
<referredTableID>D088CD00-028F-E573-3DA4-6D0A6D595771</referredTableID>
<keyObject>68F1C3D9-B599-032C-281B-C3AC7DDDE3FE</keyObject>
<referredKeyID>68F1C3D9-B599-032C-281B-C3AC7DDDE3FE</referredKeyID>
<mandatory>true</mandatory>
<refColNames>type_id</refColNames>
<transferable>true</transferable>
<rely>false</rely>
<columnDependencyConstraintGenerateInDDL>true</columnDependencyConstraintGenerateInDDL>
</FKIndexAssociation>