<?xml version = '1.0' encoding = 'UTF-8'?>
<FKIndexAssociation class="oracle.dbtools.crest.model.design.relational.FKIndexAssociation" directorySegmentName="seg_0" id="397727B9-0F47-F8FA-BCCA-19A1AB89C5B6" containerWithKeyObject="407F24CC-A821-52B4-49DA-AFBB0AABC34E" localFKIndex="31D8F6FB-0002-3599-6D68-D65198F56CC0" name="OFFICER_ASSIGNMENT">
<createdBy>anmolbagati</createdBy>
<createdTime>2019-09-26 04:55:16 UTC</createdTime>
<generatorID>B14825A7-A792-2A75-B1E3-992C53488C7C</generatorID>
<ownerDesignName>Logical Model - Assignment 2</ownerDesignName>
<referredTableLongName>OFFICER</referredTableLongName>
<deleteRule>NO ACTION</deleteRule>
<referredTableID>8AD0EA8C-5308-1675-0E68-43B31DDBCCAC</referredTableID>
<keyObject>CCDE4EEF-A3D1-F596-0D00-D8C02EDDC09A</keyObject>
<referredKeyID>CCDE4EEF-A3D1-F596-0D00-D8C02EDDC09A</referredKeyID>
<mandatory>true</mandatory>
<refColNames>officer_id</refColNames>
<transferable>true</transferable>
<rely>false</rely>
<columnDependencyConstraintGenerateInDDL>true</columnDependencyConstraintGenerateInDDL>
</FKIndexAssociation>