<?xml version = '1.0' encoding = 'UTF-8'?>
<FKIndexAssociation class="oracle.dbtools.crest.model.design.relational.FKIndexAssociation" directorySegmentName="seg_0" id="41B5AAFB-74F6-A453-1BD2-B479B599574B" containerWithKeyObject="E1496753-4C53-A5DB-64BB-BF9530DB8B74" localFKIndex="F8158C64-D80B-6E34-7B40-C6912F432E00" name="OFFENCE_DEMERIT">
<createdBy>anmolbagati</createdBy>
<createdTime>2019-09-26 04:55:16 UTC</createdTime>
<generatorID>0A05F9DA-EB61-B16F-62CF-C30BFECD01D9</generatorID>
<ownerDesignName>Logical Model - Assignment 2</ownerDesignName>
<referredTableLongName>DEMERIT</referredTableLongName>
<deleteRule>NO ACTION</deleteRule>
<referredTableID>AEA8391B-55F0-BF46-B4C1-8D5AABF7CA12</referredTableID>
<keyObject>C6EA83B1-1811-D59A-166D-1ADA9E70276C</keyObject>
<referredKeyID>C6EA83B1-1811-D59A-166D-1ADA9E70276C</referredKeyID>
<mandatory>true</mandatory>
<refColNames>demerit_code</refColNames>
<transferable>true</transferable>
<rely>false</rely>
<columnDependencyConstraintGenerateInDDL>true</columnDependencyConstraintGenerateInDDL>
</FKIndexAssociation>