<?xml version = '1.0' encoding = 'UTF-8'?>
<FKIndexAssociation class="oracle.dbtools.crest.model.design.relational.FKIndexAssociation" directorySegmentName="seg_0" id="55E9C820-C777-26A6-2668-10067D99B8A4" containerWithKeyObject="734A1F9C-04BE-7C45-902E-B452ED0C9348" localFKIndex="35606A7B-06A5-8C52-157F-F953D1EFC71E" name="CLASSIFICATION_LICENSE">
<createdBy>anmolbagati</createdBy>
<createdTime>2019-09-26 04:55:16 UTC</createdTime>
<generatorID>40B41BC8-EE27-D660-AA3C-24318D6B171F</generatorID>
<ownerDesignName>Logical Model - Assignment 2</ownerDesignName>
<referredTableLongName>CLASSIFICATION</referredTableLongName>
<deleteRule>NO ACTION</deleteRule>
<referredTableID>D088CD00-028F-E573-3DA4-6D0A6D595771</referredTableID>
<keyObject>68F1C3D9-B599-032C-281B-C3AC7DDDE3FE</keyObject>
<referredKeyID>68F1C3D9-B599-032C-281B-C3AC7DDDE3FE</referredKeyID>
<mandatory>true</mandatory>
<refColNames>type_id</refColNames>
<transferable>true</transferable>
<rely>false</rely>
<columnDependencyConstraintGenerateInDDL>true</columnDependencyConstraintGenerateInDDL>
</FKIndexAssociation>