<?xml version = '1.0' encoding = 'UTF-8'?>
<FKIndexAssociation class="oracle.dbtools.crest.model.design.relational.FKIndexAssociation" directorySegmentName="seg_0" id="58376A28-C393-5340-77EF-5C911C85FBC8" containerWithKeyObject="8B521BD3-9B4F-8E94-78D5-7A53DA608105" localFKIndex="06512801-982E-0484-87D3-1CCC914FDD6F" name="MANUFACTURER_COUNTRY">
<createdBy>anmolbagati</createdBy>
<createdTime>2019-09-26 04:55:16 UTC</createdTime>
<generatorID>1091198B-093B-17B1-D991-46324DB76637</generatorID>
<ownerDesignName>Logical Model - Assignment 2</ownerDesignName>
<referredTableLongName>MANUFACTURER_COUNTRY</referredTableLongName>
<deleteRule>NO ACTION</deleteRule>
<referredTableID>24F4D96A-F3C3-1B91-C7D7-0932C1C8FFBF</referredTableID>
<keyObject>91F70E36-D06F-3712-AD9D-B378C8DB03DF</keyObject>
<referredKeyID>91F70E36-D06F-3712-AD9D-B378C8DB03DF</referredKeyID>
<mandatory>true</mandatory>
<refColNames>manufacturer_country_code</refColNames>
<transferable>true</transferable>
<rely>false</rely>
<columnDependencyConstraintGenerateInDDL>true</columnDependencyConstraintGenerateInDDL>
</FKIndexAssociation>