<?xml version = '1.0' encoding = 'UTF-8'?>
<FKIndexAssociation class="oracle.dbtools.crest.model.design.relational.FKIndexAssociation" directorySegmentName="seg_0" id="5DDC82E9-4A35-B164-1BB3-575A94923193" containerWithKeyObject="E1496753-4C53-A5DB-64BB-BF9530DB8B74" localFKIndex="DF3E92A5-78AB-5679-2DAC-9C1C8A60223E" name="VEHICLE_OFFENCE">
<createdBy>anmolbagati</createdBy>
<createdTime>2019-09-26 04:55:16 UTC</createdTime>
<generatorID>61B58069-7D2D-8B6E-319E-A9F8D37584DD</generatorID>
<ownerDesignName>Logical Model - Assignment 2</ownerDesignName>
<referredTableLongName>VEHICLE</referredTableLongName>
<deleteRule>NO ACTION</deleteRule>
<referredTableID>F1721EE5-EB08-B1D2-68F5-331814EA2780</referredTableID>
<keyObject>F2CFED30-4989-A9DF-608B-5DB8B7C45AC0</keyObject>
<referredKeyID>F2CFED30-4989-A9DF-608B-5DB8B7C45AC0</referredKeyID>
<mandatory>true</mandatory>
<refColNames>vehicle_vin</refColNames>
<transferable>true</transferable>
<rely>false</rely>
<columnDependencyConstraintGenerateInDDL>true</columnDependencyConstraintGenerateInDDL>
</FKIndexAssociation>