<?xml version = '1.0' encoding = 'UTF-8'?>
<FKIndexAssociation class="oracle.dbtools.crest.model.design.relational.FKIndexAssociation" directorySegmentName="seg_0" id="6461B3EA-10D5-E2FD-46D8-05C1D2C9AD95" containerWithKeyObject="99763D61-7A0A-5D80-C6CA-6162E52FD0C4" localFKIndex="77B2EE38-AAF8-CDFD-0634-D7EF5F060C72" name="VEHICLE_REGISTRATION">
<createdBy>anmolbagati</createdBy>
<createdTime>2019-09-26 04:55:16 UTC</createdTime>
<generatorID>7AD57460-FACE-B415-AE5D-4F8DAC7E3299</generatorID>
<ownerDesignName>Logical Model - Assignment 2</ownerDesignName>
<referredTableLongName>VEHICLE</referredTableLongName>
<deleteRule>NO ACTION</deleteRule>
<referredTableID>F1721EE5-EB08-B1D2-68F5-331814EA2780</referredTableID>
<keyObject>F2CFED30-4989-A9DF-608B-5DB8B7C45AC0</keyObject>
<referredKeyID>F2CFED30-4989-A9DF-608B-5DB8B7C45AC0</referredKeyID>
<mandatory>true</mandatory>
<refColNames>vehicle_vin</refColNames>
<transferable>true</transferable>
<rely>false</rely>
<columnDependencyConstraintGenerateInDDL>true</columnDependencyConstraintGenerateInDDL>
</FKIndexAssociation>