<?xml version = '1.0' encoding = 'UTF-8'?>
<FKIndexAssociation class="oracle.dbtools.crest.model.design.relational.FKIndexAssociation" directorySegmentName="seg_0" id="81167BA3-C983-A068-817A-09F2F5C390D9" containerWithKeyObject="E69C1A53-F3FE-0448-0DC4-5291C2330139" localFKIndex="65D3F8DF-2EB2-80A8-5FBB-1FD474E75FDF" name="OFFICER_STATION">
<createdBy>anmolbagati</createdBy>
<createdTime>2019-09-26 04:55:16 UTC</createdTime>
<generatorID>E1DA2645-3BF7-FF35-3C9B-6D7CDC93CF34</generatorID>
<ownerDesignName>Logical Model - Assignment 2</ownerDesignName>
<referredTableLongName>OFFICER</referredTableLongName>
<deleteRule>NO ACTION</deleteRule>
<referredTableID>8AD0EA8C-5308-1675-0E68-43B31DDBCCAC</referredTableID>
<keyObject>CCDE4EEF-A3D1-F596-0D00-D8C02EDDC09A</keyObject>
<referredKeyID>CCDE4EEF-A3D1-F596-0D00-D8C02EDDC09A</referredKeyID>
<mandatory>true</mandatory>
<refColNames>officer_id</refColNames>
<transferable>true</transferable>
<rely>false</rely>
<columnDependencyConstraintGenerateInDDL>true</columnDependencyConstraintGenerateInDDL>
</FKIndexAssociation>