<?xml version = '1.0' encoding = 'UTF-8'?>
<FKIndexAssociation class="oracle.dbtools.crest.model.design.relational.FKIndexAssociation" directorySegmentName="seg_0" id="953B3FF8-62B4-8562-9562-369DFC73A35E" containerWithKeyObject="C3E71BEC-B7A8-69A0-BE0B-5659FB2BBE1D" localFKIndex="392C450A-B09E-B736-8A67-14FA30B641C8" name="DRIVER_SUSPENSION">
<createdBy>anmolbagati</createdBy>
<createdTime>2019-09-26 04:55:16 UTC</createdTime>
<generatorID>164F48F3-544C-EB89-FDFB-1D4DA9AD5E47</generatorID>
<ownerDesignName>Logical Model - Assignment 2</ownerDesignName>
<referredTableLongName>DRIVER</referredTableLongName>
<deleteRule>NO ACTION</deleteRule>
<referredTableID>48A33EAC-5581-6D45-01D1-BF0BDB014787</referredTableID>
<keyObject>63A59F0C-3625-E846-6812-C619524A7AA9</keyObject>
<referredKeyID>63A59F0C-3625-E846-6812-C619524A7AA9</referredKeyID>
<mandatory>true</mandatory>
<refColNames>license_no</refColNames>
<transferable>true</transferable>
<rely>false</rely>
<columnDependencyConstraintGenerateInDDL>true</columnDependencyConstraintGenerateInDDL>
</FKIndexAssociation>