<?xml version = '1.0' encoding = 'UTF-8'?>
<FKIndexAssociation class="oracle.dbtools.crest.model.design.relational.FKIndexAssociation" directorySegmentName="seg_0" id="A92F1FBA-739E-7741-F4FB-C65647CC803F" containerWithKeyObject="734A1F9C-04BE-7C45-902E-B452ED0C9348" localFKIndex="62716B68-5020-2052-0677-0439377C172F" name="DRIVER_LICENSE">
<createdBy>anmolbagati</createdBy>
<createdTime>2019-09-26 04:55:16 UTC</createdTime>
<generatorID>371B2427-7CC2-8AA1-DDF0-53E0D77D23AB</generatorID>
<ownerDesignName>Logical Model - Assignment 2</ownerDesignName>
<referredTableLongName>DRIVER</referredTableLongName>
<deleteRule>NO ACTION</deleteRule>
<referredTableID>48A33EAC-5581-6D45-01D1-BF0BDB014787</referredTableID>
<keyObject>63A59F0C-3625-E846-6812-C619524A7AA9</keyObject>
<referredKeyID>63A59F0C-3625-E846-6812-C619524A7AA9</referredKeyID>
<mandatory>true</mandatory>
<refColNames>license_no</refColNames>
<transferable>true</transferable>
<rely>false</rely>
<columnDependencyConstraintGenerateInDDL>true</columnDependencyConstraintGenerateInDDL>
</FKIndexAssociation>