<?xml version = '1.0' encoding = 'UTF-8'?>
<FKIndexAssociation class="oracle.dbtools.crest.model.design.relational.FKIndexAssociation" directorySegmentName="seg_0" id="AA5776E0-35EB-399A-CEAD-90442E0E5DC4" containerWithKeyObject="18077045-F4FE-2352-BD41-66CDB0FD474E" localFKIndex="5A44FBE3-9D87-28B2-BE50-317C368B5CFE" name="MANUFACTURER_VEHICLE">
<createdBy>anmolbagati</createdBy>
<createdTime>2019-09-26 04:55:16 UTC</createdTime>
<generatorID>A96A7B77-D0DD-4E2D-B288-619567EB3F56</generatorID>
<ownerDesignName>Logical Model - Assignment 2</ownerDesignName>
<referredTableLongName>MANUFACTURER</referredTableLongName>
<deleteRule>NO ACTION</deleteRule>
<referredTableID>8B521BD3-9B4F-8E94-78D5-7A53DA608105</referredTableID>
<keyObject>A27C6204-DC5C-BAFA-7591-6F6EC54A0CAD</keyObject>
<referredKeyID>A27C6204-DC5C-BAFA-7591-6F6EC54A0CAD</referredKeyID>
<mandatory>true</mandatory>
<refColNames>manufacturer_code</refColNames>
<transferable>true</transferable>
<rely>false</rely>
<columnDependencyConstraintGenerateInDDL>true</columnDependencyConstraintGenerateInDDL>
</FKIndexAssociation>