<?xml version = '1.0' encoding = 'UTF-8'?>
<FKIndexAssociation class="oracle.dbtools.crest.model.design.relational.FKIndexAssociation" directorySegmentName="seg_0" id="AEDD4546-8D6B-5EBC-46C6-A94217B117EC" containerWithKeyObject="407F24CC-A821-52B4-49DA-AFBB0AABC34E" localFKIndex="1F7BF838-6EF9-8769-D31B-EC0A569E7792" name="STATION_ASSIGNMENT">
<createdBy>anmolbagati</createdBy>
<createdTime>2019-09-26 04:55:16 UTC</createdTime>
<generatorID>A7E1AA41-50F8-8534-320E-AD17C6488880</generatorID>
<ownerDesignName>Logical Model - Assignment 2</ownerDesignName>
<referredTableLongName>STATION</referredTableLongName>
<deleteRule>NO ACTION</deleteRule>
<referredTableID>E69C1A53-F3FE-0448-0DC4-5291C2330139</referredTableID>
<keyObject>E50A8060-9207-A8AC-E2AC-FC7C986B7F3F</keyObject>
<referredKeyID>E50A8060-9207-A8AC-E2AC-FC7C986B7F3F</referredKeyID>
<mandatory>true</mandatory>
<refColNames>station_no</refColNames>
<transferable>true</transferable>
<rely>false</rely>
<columnDependencyConstraintGenerateInDDL>true</columnDependencyConstraintGenerateInDDL>
</FKIndexAssociation>