<?xml version = '1.0' encoding = 'UTF-8'?>
<FKIndexAssociation class="oracle.dbtools.crest.model.design.relational.FKIndexAssociation" directorySegmentName="seg_0" id="B4E04A38-2D39-EDFA-D72B-CE1224B496EA" containerWithKeyObject="48A33EAC-5581-6D45-01D1-BF0BDB014787" localFKIndex="4F6585AE-DD31-000B-1859-3235461DC657" name="DRIVER_OFFENCE">
<createdBy>anmolbagati</createdBy>
<createdTime>2019-09-26 04:55:16 UTC</createdTime>
<generatorID>25A55EA2-B8B0-9AB8-3D22-CA16F1583F6C</generatorID>
<ownerDesignName>Logical Model - Assignment 2</ownerDesignName>
<referredTableLongName>OFFENCE</referredTableLongName>
<deleteRule>NO ACTION</deleteRule>
<referredTableID>E1496753-4C53-A5DB-64BB-BF9530DB8B74</referredTableID>
<keyObject>44C56673-29D2-F892-D6C4-8A76BA742EE1</keyObject>
<referredKeyID>44C56673-29D2-F892-D6C4-8A76BA742EE1</referredKeyID>
<mandatory>true</mandatory>
<refColNames>offence_no</refColNames>
<transferable>true</transferable>
<rely>false</rely>
<columnDependencyConstraintGenerateInDDL>true</columnDependencyConstraintGenerateInDDL>
</FKIndexAssociation>