<?xml version = '1.0' encoding = 'UTF-8'?>
<FKIndexAssociation class="oracle.dbtools.crest.model.design.relational.FKIndexAssociation" directorySegmentName="seg_0" id="BBD87ADC-AD1B-EC8E-EB27-0877D1A055AB" containerWithKeyObject="E1496753-4C53-A5DB-64BB-BF9530DB8B74" localFKIndex="AA71CF38-EA09-3718-32BC-DC48BCAD8D87" name="OFFICER_OFFENCE">
<createdBy>anmolbagati</createdBy>
<createdTime>2019-09-26 04:55:16 UTC</createdTime>
<generatorID>ACDB6364-8C10-7836-B8DC-9256F62C5B96</generatorID>
<ownerDesignName>Logical Model - Assignment 2</ownerDesignName>
<referredTableLongName>OFFICER</referredTableLongName>
<deleteRule>NO ACTION</deleteRule>
<referredTableID>8AD0EA8C-5308-1675-0E68-43B31DDBCCAC</referredTableID>
<keyObject>CCDE4EEF-A3D1-F596-0D00-D8C02EDDC09A</keyObject>
<referredKeyID>CCDE4EEF-A3D1-F596-0D00-D8C02EDDC09A</referredKeyID>
<mandatory>true</mandatory>
<refColNames>officer_id</refColNames>
<transferable>true</transferable>
<rely>false</rely>
<columnDependencyConstraintGenerateInDDL>true</columnDependencyConstraintGenerateInDDL>
</FKIndexAssociation>