<?xml version = '1.0' encoding = 'UTF-8'?>
<FKIndexAssociation class="oracle.dbtools.crest.model.design.relational.FKIndexAssociation" directorySegmentName="seg_0" id="DD0ABFCF-A7A8-39A6-1E7C-A9B4FE8211E3" containerWithKeyObject="F5F16F27-3849-E380-E984-65894C8430B7" localFKIndex="BE47E2A8-798E-F872-8889-3EC2565A2896" name="MODEL_ENGINE">
<createdBy>anmolbagati</createdBy>
<createdTime>2019-09-26 04:55:16 UTC</createdTime>
<generatorID>FB12C2DC-7469-1048-CB21-225CA78628AF</generatorID>
<ownerDesignName>Logical Model - Assignment 2</ownerDesignName>
<referredTableLongName>MODEL</referredTableLongName>
<deleteRule>NO ACTION</deleteRule>
<referredTableID>18077045-F4FE-2352-BD41-66CDB0FD474E</referredTableID>
<keyObject>65E258BC-A418-500A-335C-64ABAF8F5870</keyObject>
<referredKeyID>65E258BC-A418-500A-335C-64ABAF8F5870</referredKeyID>
<mandatory>true</mandatory>
<refColNames>vehicle_model</refColNames>
<transferable>true</transferable>
<rely>false</rely>
<columnDependencyConstraintGenerateInDDL>true</columnDependencyConstraintGenerateInDDL>
</FKIndexAssociation>