<?xml version = '1.0' encoding = 'UTF-8'?>
<FKIndexAssociation class="oracle.dbtools.crest.model.design.relational.FKIndexAssociation" directorySegmentName="seg_0" id="E6C6F4D8-7BF3-28CF-87D6-2139C33FDD34" containerWithKeyObject="F1721EE5-EB08-B1D2-68F5-331814EA2780" localFKIndex="5BAF60BC-6E91-3C9B-F95A-37F3172D39EE" name="MODEL_VEHICLE">
<createdBy>anmolbagati</createdBy>
<createdTime>2019-09-26 04:55:16 UTC</createdTime>
<generatorID>833461E3-8E34-9AB1-FD51-24C02922896A</generatorID>
<ownerDesignName>Logical Model - Assignment 2</ownerDesignName>
<referredTableLongName>MODEL</referredTableLongName>
<deleteRule>NO ACTION</deleteRule>
<referredTableID>18077045-F4FE-2352-BD41-66CDB0FD474E</referredTableID>
<keyObject>65E258BC-A418-500A-335C-64ABAF8F5870</keyObject>
<referredKeyID>65E258BC-A418-500A-335C-64ABAF8F5870</referredKeyID>
<mandatory>true</mandatory>
<refColNames>vehicle_model</refColNames>
<transferable>true</transferable>
<rely>false</rely>
<columnDependencyConstraintGenerateInDDL>true</columnDependencyConstraintGenerateInDDL>
</FKIndexAssociation>