<?xml version = '1.0' encoding = 'UTF-8'?>
<Diagram class="oracle.dbtools.crest.swingui.logical.DPVLogical" name="Logical" id="925FBBBD-18B7-8AA1-62AD-4F6CBA5D2B5F">
<createdBy>Anmol Sanjay Bagati</createdBy>
<modifiedBy>Anmol Sanjay Bagatiti</modifiedBy>
<createdTime>2019-09-25 01:48:11 UTC</createdTime>
<autoRoute>false</autoRoute>
<boxInbox>true</boxInbox>
<showLegend>true</showLegend>
<showLabels>true</showLabels>
<showRelAttributes>false</showRelAttributes>
<gridEnabled>false</gridEnabled>
<showGrid>false</showGrid>
<diagramColor>-1</diagramColor>
<legendPosX>40</legendPosX>
<display>false</display>
<notation>2</notation>
<showAllDetails>false</showAllDetails>
<showElements>true</showElements>
<propertyMap>
<property name="Student ID" value="30535808"/>
</propertyMap>
<objectViews>
<OView class="oracle.dbtools.crest.swingui.logical.TVEntity" oid="02EB6474-6F67-228F-E9EE-BFA108579A9A" otype="Entity" vid="32ED3738-1D95-40E3-5C1E-D05EE6259E29">
<hideElementsInCurrentOnly>false</hideElementsInCurrentOnly>
<bounds x="171" y="722" width="170" height="63"/>
</OView>
<OView class="oracle.dbtools.crest.swingui.logical.TVEntity" oid="08FB0CD4-2842-B9C5-D1C0-1E81AF7851A9" otype="Entity" vid="A0FB47A8-C3A2-FB91-FC36-0B55D4CEA029">
<hideElementsInCurrentOnly>false</hideElementsInCurrentOnly>
<bounds x="1227" y="645" width="170" height="110"/>
</OView>
<OView class="oracle.dbtools.crest.swingui.logical.TVEntity" oid="122F508E-9124-05AD-CFDF-3276A2D7DB4B" otype="Entity" vid="2D21A096-8409-0985-7749-7BEFC26C684E">
<hideElementsInCurrentOnly>false</hideElementsInCurrentOnly>
<bounds x="436" y="86" width="170" height="110"/>
</OView>
<OView class="oracle.dbtools.crest.swingui.logical.TVEntity" oid="18938AD9-1706-DFD3-F16C-3C5628B9055F" otype="Entity" vid="E26CF3DA-7054-D343-6110-37C6E078FBA1">
<hideElementsInCurrentOnly>false</hideElementsInCurrentOnly>
<bounds x="1222" y="420" width="170" height="110"/>
</OView>
<OView class="oracle.dbtools.crest.swingui.logical.TVEntity" oid="23102A21-D95C-7C95-78A2-D79E3A52A080" otype="Entity" vid="CF2CEAD9-9738-8813-83C9-7518F5306BD4">
<hideElementsInCurrentOnly>false</hideElementsInCurrentOnly>
<bounds x="636" y="350" width="143" height="67"/>
</OView>
<OView class="oracle.dbtools.crest.swingui.logical.TVEntity" oid="26B49FD9-87F1-33A7-1308-3E2ED9F96616" otype="Entity" vid="6472D20C-3889-E5D0-D345-11D693B7B1B1">
<hideElementsInCurrentOnly>false</hideElementsInCurrentOnly>
<bounds x="978" y="604" width="170" height="111"/>
</OView>
<OView class="oracle.dbtools.crest.swingui.logical.TVEntity" oid="3A8814F0-337B-E241-A85A-7F84E4675055" otype="Entity" vid="34590285-5881-97D5-078F-E4EADBAAEFF5">
<hideElementsInCurrentOnly>false</hideElementsInCurrentOnly>
<bounds x="972" y="85" width="170" height="92"/>
</OView>
<OView class="oracle.dbtools.crest.swingui.logical.TVEntity" oid="3F042AF5-F124-5F18-8052-C338F6B5CD73" otype="Entity" vid="8B059F51-C4DD-041C-883F-B9F9CE721F06">
<hideElementsInCurrentOnly>false</hideElementsInCurrentOnly>
<bounds x="966" y="307" width="170" height="121"/>
</OView>
<OView class="oracle.dbtools.crest.swingui.logical.TVEntity" oid="452C7559-DBE6-96BE-CFAD-04031EA995D1" otype="Entity" vid="435C4919-013E-3E05-3DDE-B9111E8A867C">
<hideElementsInCurrentOnly>false</hideElementsInCurrentOnly>
<bounds x="699" y="103" width="170" height="173"/>
</OView>
<OView class="oracle.dbtools.crest.swingui.logical.TVEntity" oid="5DE9E921-7D23-AAE3-1830-A18B562AE61A" otype="Entity" vid="E1E6B39C-B5AA-5C9E-0545-09349AD5F477">
<hideElementsInCurrentOnly>false</hideElementsInCurrentOnly>
<bounds x="605" y="690" width="170" height="110"/>
</OView>
<OView class="oracle.dbtools.crest.swingui.TVLegend" oid="6F57666C-F389-60F9-0DB6-87FB22CFF42F" otype="Legend" vid="6A21A903-474C-366E-7094-829B1E116D3A">
<hideElementsInCurrentOnly>false</hideElementsInCurrentOnly>
<bounds x="40" y="10" width="247" height="146"/>
</OView>
<OView class="oracle.dbtools.crest.swingui.logical.TVEntity" oid="8B38727B-5E1A-7379-DDD7-C4E0DAD736EB" otype="Entity" vid="64325DED-AE00-F4F7-A9C0-7389236FB8D2">
<hideElementsInCurrentOnly>false</hideElementsInCurrentOnly>
<bounds x="167" y="393" width="170" height="114"/>
</OView>
<OView class="oracle.dbtools.crest.swingui.logical.TVEntity" oid="8D9A3A3F-4E0F-AB9B-4031-CBB628D2F3F9" otype="Entity" vid="8CD39A98-98B1-FC43-D322-33FEE2DBD51F">
<hideElementsInCurrentOnly>false</hideElementsInCurrentOnly>
<bounds x="1215" y="219" width="170" height="110"/>
</OView>
<OView class="oracle.dbtools.crest.swingui.logical.TVEntity" oid="A662B28C-D400-8F60-401A-4A942B991C71" otype="Entity" vid="AB08A933-8323-551D-B44A-3D65889F7820">
<hideElementsInCurrentOnly>false</hideElementsInCurrentOnly>
<bounds x="170" y="581" width="170" height="72"/>
</OView>
<OView class="oracle.dbtools.crest.swingui.logical.TVEntity" oid="CCD2E1AA-2B11-4A5C-3E15-49EF4FBB4F73" otype="Entity" vid="4965ED10-C7F2-EA11-6DBE-20669C5AA340">
<hideElementsInCurrentOnly>false</hideElementsInCurrentOnly>
<bounds x="426" y="225" width="121" height="72"/>
</OView>
<OView class="oracle.dbtools.crest.swingui.logical.TVEntity" oid="E3E865A3-818A-011F-67F3-73A9D4458AF9" otype="Entity" vid="85FC4899-AB90-2DC1-0BA0-8BCAD6E98CB2">
<hideElementsInCurrentOnly>false</hideElementsInCurrentOnly>
<bounds x="594" y="503" width="170" height="112"/>
</OView>
<OView class="oracle.dbtools.crest.swingui.logical.TVEntity" oid="EB40F185-0933-0B2A-449F-60BB8419CACA" otype="Entity" vid="51AD86D2-5F82-D1BF-8D8D-34511CEC68DD">
<hideElementsInCurrentOnly>false</hideElementsInCurrentOnly>
<bounds x="163" y="206" width="170" height="63"/>
</OView>
</objectViews>
<connectors>
<Connector class="oracle.dbtools.crest.swingui.logical.TVRelation" oid="0A05F9DA-EB61-B16F-62CF-C30BFECD01D9" otype="Relation" vid_source="8B059F51-C4DD-041C-883F-B9F9CE721F06" vid_target="8CD39A98-98B1-FC43-D322-33FEE2DBD51F">
<hideElementsInCurrentOnly>false</hideElementsInCurrentOnly>
<backgroundColor>-16777216</backgroundColor>
<lineWidth>1</lineWidth>
<sourceLabel class="oracle.dbtools.crest.model.design.Label">
<site>0</site>
<labelBounds x="1146" y="288" width="86" height="30"/>
<noBackgroundColor>true</noBackgroundColor>
<noForegroundColor>true</noForegroundColor>
</sourceLabel>
<points>
<point x="1136" y="318"/>
<point x="1215" y="318"/>
</points>
</Connector>
<Connector class="oracle.dbtools.crest.swingui.logical.TVRelation" oid="1091198B-093B-17B1-D991-46324DB76637" otype="Relation" vid_source="32ED3738-1D95-40E3-5C1E-D05EE6259E29" vid_target="AB08A933-8323-551D-B44A-3D65889F7820">
<hideElementsInCurrentOnly>false</hideElementsInCurrentOnly>
<backgroundColor>-16777216</backgroundColor>
<lineWidth>1</lineWidth>
<sourceLabel class="oracle.dbtools.crest.model.design.Label">
<site>0</site>
<labelBounds x="255" y="686" width="91" height="30"/>
<noBackgroundColor>true</noBackgroundColor>
<noForegroundColor>true</noForegroundColor>
</sourceLabel>
<points>
<point x="255" y="722"/>
<point x="255" y="653"/>
</points>
</Connector>
<Connector class="oracle.dbtools.crest.swingui.logical.TVRelation" oid="164F48F3-544C-EB89-FDFB-1D4DA9AD5E47" otype="Relation" vid_source="435C4919-013E-3E05-3DDE-B9111E8A867C" vid_target="2D21A096-8409-0985-7749-7BEFC26C684E">
<hideElementsInCurrentOnly>false</hideElementsInCurrentOnly>
<backgroundColor>-16777216</backgroundColor>
<lineWidth>1</lineWidth>
<sourceLabel class="oracle.dbtools.crest.model.design.Label">
<site>0</site>
<labelBounds x="628" y="116" width="65" height="33"/>
<noBackgroundColor>true</noBackgroundColor>
<noForegroundColor>true</noForegroundColor>
</sourceLabel>
<points>
<point x="699" y="149"/>
<point x="606" y="149"/>
</points>
</Connector>
<Connector class="oracle.dbtools.crest.swingui.logical.TVRelation" oid="25A55EA2-B8B0-9AB8-3D22-CA16F1583F6C" otype="Relation" vid_source="8B059F51-C4DD-041C-883F-B9F9CE721F06" vid_target="435C4919-013E-3E05-3DDE-B9111E8A867C">
<hideElementsInCurrentOnly>false</hideElementsInCurrentOnly>
<backgroundColor>-16777216</backgroundColor>
<lineWidth>1</lineWidth>
<sourceLabel class="oracle.dbtools.crest.model.design.Label">
<site>0</site>
<labelBounds x="1030" y="255" width="47" height="30"/>
<noBackgroundColor>true</noBackgroundColor>
<noForegroundColor>true</noForegroundColor>
</sourceLabel>
<points>
<point x="1030" y="307"/>
<point x="1030" y="248"/>
<point x="869" y="248"/>
</points>
</Connector>
<Connector class="oracle.dbtools.crest.swingui.logical.TVRelation" oid="2B8DDF64-9BBB-28C3-3681-7B95ABB68A85" otype="Relation" vid_source="CF2CEAD9-9738-8813-83C9-7518F5306BD4" vid_target="85FC4899-AB90-2DC1-0BA0-8BCAD6E98CB2">
<hideElementsInCurrentOnly>false</hideElementsInCurrentOnly>
<backgroundColor>-16777216</backgroundColor>
<lineWidth>1</lineWidth>
<sourceLabel class="oracle.dbtools.crest.model.design.Label">
<site>0</site>
<labelBounds x="700" y="442" width="47" height="11"/>
<noBackgroundColor>true</noBackgroundColor>
<noForegroundColor>true</noForegroundColor>
</sourceLabel>
<points>
<point x="700" y="417"/>
<point x="700" y="503"/>
</points>
</Connector>
<Connector class="oracle.dbtools.crest.swingui.logical.TVRelation" oid="371B2427-7CC2-8AA1-DDF0-53E0D77D23AB" otype="Relation" vid_source="435C4919-013E-3E05-3DDE-B9111E8A867C" vid_target="4965ED10-C7F2-EA11-6DBE-20669C5AA340">
<hideElementsInCurrentOnly>false</hideElementsInCurrentOnly>
<backgroundColor>-16777216</backgroundColor>
<lineWidth>1</lineWidth>
<sourceLabel class="oracle.dbtools.crest.model.design.Label">
<site>0</site>
<labelBounds x="613" y="218" width="80" height="32"/>
<noBackgroundColor>true</noBackgroundColor>
<noForegroundColor>true</noForegroundColor>
</sourceLabel>
<points>
<point x="699" y="250"/>
<point x="547" y="250"/>
</points>
</Connector>
<Connector class="oracle.dbtools.crest.swingui.logical.TVRelation" oid="40B41BC8-EE27-D660-AA3C-24318D6B171F" otype="Relation" vid_source="CF2CEAD9-9738-8813-83C9-7518F5306BD4" vid_target="4965ED10-C7F2-EA11-6DBE-20669C5AA340">
<hideElementsInCurrentOnly>false</hideElementsInCurrentOnly>
<backgroundColor>-16777216</backgroundColor>
<lineWidth>1</lineWidth>
<sourceLabel class="oracle.dbtools.crest.model.design.Label">
<site>0</site>
<labelBounds x="549" y="348" width="81" height="33"/>
<noBackgroundColor>true</noBackgroundColor>
<noForegroundColor>true</noForegroundColor>
</sourceLabel>
<points>
<point x="636" y="381"/>
<point x="477" y="381"/>
<point x="477" y="297"/>
</points>
</Connector>
<Connector class="oracle.dbtools.crest.swingui.logical.TVRelation" oid="61B58069-7D2D-8B6E-319E-A9F8D37584DD" otype="Relation" vid_source="85FC4899-AB90-2DC1-0BA0-8BCAD6E98CB2" vid_target="8B059F51-C4DD-041C-883F-B9F9CE721F06">
<hideElementsInCurrentOnly>false</hideElementsInCurrentOnly>
<backgroundColor>-16777216</backgroundColor>
<lineWidth>1</lineWidth>
<sourceLabel class="oracle.dbtools.crest.model.design.Label">
<site>0</site>
<labelBounds x="774" y="512" width="80" height="30"/>
<noBackgroundColor>true</noBackgroundColor>
<noForegroundColor>true</noForegroundColor>
</sourceLabel>
<points>
<point x="764" y="542"/>
<point x="997" y="542"/>
<point x="997" y="428"/>
</points>
</Connector>
<Connector class="oracle.dbtools.crest.swingui.logical.TVRelation" oid="7AD57460-FACE-B415-AE5D-4F8DAC7E3299" otype="Relation" vid_source="85FC4899-AB90-2DC1-0BA0-8BCAD6E98CB2" vid_target="E1E6B39C-B5AA-5C9E-0545-09349AD5F477">
<hideElementsInCurrentOnly>false</hideElementsInCurrentOnly>
<backgroundColor>-16777216</backgroundColor>
<lineWidth>1</lineWidth>
<sourceLabel class="oracle.dbtools.crest.model.design.Label">
<site>0</site>
<labelBounds x="684" y="651" width="55" height="30"/>
<noBackgroundColor>true</noBackgroundColor>
<noForegroundColor>true</noForegroundColor>
</sourceLabel>
<points>
<point x="684" y="615"/>
<point x="684" y="690"/>
</points>
</Connector>
<Connector class="oracle.dbtools.crest.swingui.logical.TVRelation" oid="833461E3-8E34-9AB1-FD51-24C02922896A" otype="Relation" vid_source="64325DED-AE00-F4F7-A9C0-7389236FB8D2" vid_target="85FC4899-AB90-2DC1-0BA0-8BCAD6E98CB2">
<hideElementsInCurrentOnly>false</hideElementsInCurrentOnly>
<backgroundColor>-16777216</backgroundColor>
<lineWidth>1</lineWidth>
<sourceLabel class="oracle.dbtools.crest.model.design.Label">
<site>0</site>
<labelBounds x="347" y="475" width="60" height="30"/>
<noBackgroundColor>true</noBackgroundColor>
<noForegroundColor>true</noForegroundColor>
</sourceLabel>
<points>
<point x="337" y="505"/>
<point x="594" y="505"/>
</points>
</Connector>
<Connector class="oracle.dbtools.crest.swingui.logical.TVRelation" oid="A7E1AA41-50F8-8534-320E-AD17C6488880" otype="Relation" vid_source="E26CF3DA-7054-D343-6110-37C6E078FBA1" vid_target="A0FB47A8-C3A2-FB91-FC36-0B55D4CEA029">
<hideElementsInCurrentOnly>false</hideElementsInCurrentOnly>
<backgroundColor>-16777216</backgroundColor>
<lineWidth>1</lineWidth>
<sourceLabel class="oracle.dbtools.crest.model.design.Label">
<site>0</site>
<labelBounds x="1309" y="574" width="91" height="30"/>
<noBackgroundColor>true</noBackgroundColor>
<noForegroundColor>true</noForegroundColor>
</sourceLabel>
<points>
<point x="1309" y="530"/>
<point x="1309" y="645"/>
</points>
</Connector>
<Connector class="oracle.dbtools.crest.swingui.logical.TVRelation" oid="A96A7B77-D0DD-4E2D-B288-619567EB3F56" otype="Relation" vid_source="AB08A933-8323-551D-B44A-3D65889F7820" vid_target="64325DED-AE00-F4F7-A9C0-7389236FB8D2">
<hideElementsInCurrentOnly>false</hideElementsInCurrentOnly>
<backgroundColor>-16777216</backgroundColor>
<lineWidth>1</lineWidth>
<sourceLabel class="oracle.dbtools.crest.model.design.Label">
<site>0</site>
<labelBounds x="253" y="542" width="54" height="33"/>
<noBackgroundColor>true</noBackgroundColor>
<noForegroundColor>true</noForegroundColor>
</sourceLabel>
<points>
<point x="253" y="581"/>
<point x="253" y="507"/>
</points>
</Connector>
<Connector class="oracle.dbtools.crest.swingui.logical.TVRelation" oid="ACDB6364-8C10-7836-B8DC-9256F62C5B96" otype="Relation" vid_source="6472D20C-3889-E5D0-D345-11D693B7B1B1" vid_target="8B059F51-C4DD-041C-883F-B9F9CE721F06">
<hideElementsInCurrentOnly>false</hideElementsInCurrentOnly>
<backgroundColor>-16777216</backgroundColor>
<lineWidth>1</lineWidth>
<sourceLabel class="oracle.dbtools.crest.model.design.Label">
<site>0</site>
<labelBounds x="1057" y="552" width="44" height="30"/>
<noBackgroundColor>true</noBackgroundColor>
<noForegroundColor>true</noForegroundColor>
</sourceLabel>
<points>
<point x="1057" y="604"/>
<point x="1057" y="428"/>
</points>
</Connector>
<Connector class="oracle.dbtools.crest.swingui.logical.TVRelation" oid="B14825A7-A792-2A75-B1E3-992C53488C7C" otype="Relation" vid_source="6472D20C-3889-E5D0-D345-11D693B7B1B1" vid_target="A0FB47A8-C3A2-FB91-FC36-0B55D4CEA029">
<hideElementsInCurrentOnly>false</hideElementsInCurrentOnly>
<backgroundColor>-16777216</backgroundColor>
<lineWidth>1</lineWidth>
<sourceLabel class="oracle.dbtools.crest.model.design.Label">
<site>0</site>
<labelBounds x="1158" y="650" width="47" height="30"/>
<noBackgroundColor>true</noBackgroundColor>
<noForegroundColor>true</noForegroundColor>
</sourceLabel>
<points>
<point x="1148" y="680"/>
<point x="1227" y="680"/>
</points>
</Connector>
<Connector class="oracle.dbtools.crest.swingui.logical.TVRelation" oid="DE67676F-34C6-617B-0E19-4257839DF4FD" otype="Relation" vid_source="435C4919-013E-3E05-3DDE-B9111E8A867C" vid_target="34590285-5881-97D5-078F-E4EADBAAEFF5">
<hideElementsInCurrentOnly>false</hideElementsInCurrentOnly>
<backgroundColor>-16777216</backgroundColor>
<lineWidth>1</lineWidth>
<sourceLabel class="oracle.dbtools.crest.model.design.Label">
<site>0</site>
<labelBounds x="879" y="111" width="65" height="29"/>
<noBackgroundColor>true</noBackgroundColor>
<noForegroundColor>true</noForegroundColor>
</sourceLabel>
<points>
<point x="869" y="140"/>
<point x="972" y="140"/>
</points>
</Connector>
<Connector class="oracle.dbtools.crest.swingui.logical.TVRelation" oid="E1DA2645-3BF7-FF35-3C9B-6D7CDC93CF34" otype="Relation" vid_source="6472D20C-3889-E5D0-D345-11D693B7B1B1" vid_target="E26CF3DA-7054-D343-6110-37C6E078FBA1">
<hideElementsInCurrentOnly>false</hideElementsInCurrentOnly>
<backgroundColor>-16777216</backgroundColor>
<lineWidth>1</lineWidth>
<sourceLabel class="oracle.dbtools.crest.model.design.Label">
<site>0</site>
<labelBounds x="1128" y="564" width="110" height="34"/>
<noBackgroundColor>true</noBackgroundColor>
<noForegroundColor>true</noForegroundColor>
</sourceLabel>
<points>
<point x="1128" y="604"/>
<point x="1128" y="488"/>
<point x="1222" y="488"/>
</points>
</Connector>
<Connector class="oracle.dbtools.crest.swingui.logical.TVRelation" oid="FB12C2DC-7469-1048-CB21-225CA78628AF" otype="Relation" vid_source="64325DED-AE00-F4F7-A9C0-7389236FB8D2" vid_target="51AD86D2-5F82-D1BF-8D8D-34511CEC68DD">
<hideElementsInCurrentOnly>false</hideElementsInCurrentOnly>
<backgroundColor>-16777216</backgroundColor>
<lineWidth>1</lineWidth>
<sourceLabel class="oracle.dbtools.crest.model.design.Label">
<site>0</site>
<labelBounds x="250" y="341" width="67" height="30"/>
<noBackgroundColor>true</noBackgroundColor>
<noForegroundColor>true</noForegroundColor>
</sourceLabel>
<points>
<point x="250" y="393"/>
<point x="250" y="269"/>
</points>
</Connector>
</connectors>
</Diagram>