<?xml version = '1.0' encoding = 'UTF-8'?>
<relationalModel class="oracle.dbtools.crest.model.design.relational.RelationalDesign" name="Relational_1" id="0E2F11E1-DE77-2446-7463-D4D8FF261EC6" mainViewID="4EC16DBB-540E-B5AF-3CF9-517C8FCC762F">
<createdBy>anmolbagati</createdBy>
<createdTime>2019-09-25 00:13:19 UTC</createdTime>
<ownerDesignName>Logical Model - Assignment 2</ownerDesignName>
<shouldBeOpen>false</shouldBeOpen>
<selectedRDBMSSite>32076570-2523-435C-2E92-BF29817DFF70</selectedRDBMSSite>
</relationalModel>