<?xml version = '1.0' encoding = 'UTF-8'?>
<Relation class="oracle.dbtools.crest.model.design.logical.Relation" name="OFFENCE_DEMERIT" directorySegmentName="seg_0" id="0A05F9DA-EB61-B16F-62CF-C30BFECD01D9">
<createdBy>anmolbagati</createdBy>
<createdTime>2019-09-25 04:44:13 UTC</createdTime>
<ownerDesignName>Logical Model - Assignment 2</ownerDesignName>
<engineerTo>
<item key="0E2F11E1-DE77-2446-7463-D4D8FF261EC6" value="true"/>
</engineerTo>
<sourcePk>9A2A667B-D68E-F836-A866-5E61854C2F99</sourcePk>
<targetPk>2AE8D20C-6C43-CD4A-BB0A-E78E5A3AC133</targetPk>
<identifying>false</identifying>
<nameOnSource>is recorded for</nameOnSource>
<optionalSource>false</optionalSource>
<optionalTarget>true</optionalTarget>
<sourceCardinality>*</sourceCardinality>
<sourceEntity>3F042AF5-F124-5F18-8052-C338F6B5CD73</sourceEntity>
<targetCardinalityString>1</targetCardinalityString>
<targetEntity>8D9A3A3F-4E0F-AB9B-4031-CBB628D2F3F9</targetEntity>
<transferable>true</transferable>
</Relation>