<?xml version = '1.0' encoding = 'UTF-8'?>
<Relation class="oracle.dbtools.crest.model.design.logical.Relation" name="MANUFACTURER_COUNTRY" directorySegmentName="seg_0" id="1091198B-093B-17B1-D991-46324DB76637">
<createdBy>anmolbagati</createdBy>
<createdTime>2019-09-25 05:07:23 UTC</createdTime>
<ownerDesignName>Logical Model - Assignment 2</ownerDesignName>
<engineerTo>
<item key="0E2F11E1-DE77-2446-7463-D4D8FF261EC6" value="true"/>
</engineerTo>
<sourcePk>6EB9F3E9-EFF7-CD5D-48D8-D0BABADA14C5</sourcePk>
<identifying>false</identifying>
<nameOnSource>is associated to</nameOnSource>
<optionalSource>true</optionalSource>
<optionalTarget>false</optionalTarget>
<sourceCardinality>1</sourceCardinality>
<sourceEntity>02EB6474-6F67-228F-E9EE-BFA108579A9A</sourceEntity>
<targetCardinalityString>*</targetCardinalityString>
<targetEntity>A662B28C-D400-8F60-401A-4A942B991C71</targetEntity>
<transferable>true</transferable>
</Relation>