<?xml version = '1.0' encoding = 'UTF-8'?>
<Relation class="oracle.dbtools.crest.model.design.logical.Relation" name="DRIVER_SUSPENSION" directorySegmentName="seg_0" id="164F48F3-544C-EB89-FDFB-1D4DA9AD5E47">
<createdBy>anmolbagati</createdBy>
<createdTime>2019-09-25 06:09:53 UTC</createdTime>
<ownerDesignName>Logical Model - Assignment 2</ownerDesignName>
<engineerTo>
<item key="0E2F11E1-DE77-2446-7463-D4D8FF261EC6" value="true"/>
</engineerTo>
<sourcePk>237FC841-5E40-A244-E5BD-A8AC700A37C0</sourcePk>
<identifying>true</identifying>
<nameOnSource>is given to</nameOnSource>
<optionalSource>true</optionalSource>
<optionalTarget>false</optionalTarget>
<sourceCardinality>1</sourceCardinality>
<sourceEntity>452C7559-DBE6-96BE-CFAD-04031EA995D1</sourceEntity>
<targetCardinalityString>*</targetCardinalityString>
<targetEntity>122F508E-9124-05AD-CFDF-3276A2D7DB4B</targetEntity>
<transferable>true</transferable>
</Relation>