<?xml version = '1.0' encoding = 'UTF-8'?>
<Relation class="oracle.dbtools.crest.model.design.logical.Relation" name="DRIVER_OFFENCE" directorySegmentName="seg_0" id="25A55EA2-B8B0-9AB8-3D22-CA16F1583F6C">
<createdBy>anmolbagati</createdBy>
<createdTime>2019-09-25 04:47:38 UTC</createdTime>
<ownerDesignName>Logical Model - Assignment 2</ownerDesignName>
<engineerTo>
<item key="0E2F11E1-DE77-2446-7463-D4D8FF261EC6" value="true"/>
</engineerTo>
<sourcePk>9A2A667B-D68E-F836-A866-5E61854C2F99</sourcePk>
<identifying>false</identifying>
<nameOnSource>commits</nameOnSource>
<optionalSource>true</optionalSource>
<optionalTarget>false</optionalTarget>
<sourceCardinality>1</sourceCardinality>
<sourceEntity>3F042AF5-F124-5F18-8052-C338F6B5CD73</sourceEntity>
<targetCardinalityString>*</targetCardinalityString>
<targetEntity>452C7559-DBE6-96BE-CFAD-04031EA995D1</targetEntity>
<transferable>true</transferable>
</Relation>