<?xml version = '1.0' encoding = 'UTF-8'?>
<Relation class="oracle.dbtools.crest.model.design.logical.Relation" name="CLASSIFICATION_VEHICLE" directorySegmentName="seg_0" id="2B8DDF64-9BBB-28C3-3681-7B95ABB68A85">
<createdBy>anmolbagati</createdBy>
<createdTime>2019-09-26 01:03:21 UTC</createdTime>
<ownerDesignName>Logical Model - Assignment 2</ownerDesignName>
<engineerTo>
<item key="0E2F11E1-DE77-2446-7463-D4D8FF261EC6" value="true"/>
</engineerTo>
<sourcePk>51F7DAD2-CE9E-FAF3-BEBF-FDE7D9A5FA7F</sourcePk>
<identifying>false</identifying>
<nameOnSource>is linked to</nameOnSource>
<optionalSource>false</optionalSource>
<optionalTarget>false</optionalTarget>
<sourceCardinality>1</sourceCardinality>
<sourceEntity>23102A21-D95C-7C95-78A2-D79E3A52A080</sourceEntity>
<targetCardinalityString>*</targetCardinalityString>
<targetEntity>E3E865A3-818A-011F-67F3-73A9D4458AF9</targetEntity>
<transferable>true</transferable>
</Relation>