<?xml version = '1.0' encoding = 'UTF-8'?>
<Relation class="oracle.dbtools.crest.model.design.logical.Relation" name="DRIVER_LICENSE" directorySegmentName="seg_0" id="371B2427-7CC2-8AA1-DDF0-53E0D77D23AB">
<createdBy>anmolbagati</createdBy>
<createdTime>2019-09-25 16:44:04 UTC</createdTime>
<ownerDesignName>Logical Model - Assignment 2</ownerDesignName>
<engineerTo>
<item key="0E2F11E1-DE77-2446-7463-D4D8FF261EC6" value="true"/>
</engineerTo>
<sourcePk>237FC841-5E40-A244-E5BD-A8AC700A37C0</sourcePk>
<identifying>true</identifying>
<nameOnSource>receives</nameOnSource>
<optionalSource>false</optionalSource>
<optionalTarget>false</optionalTarget>
<sourceCardinality>1</sourceCardinality>
<sourceEntity>452C7559-DBE6-96BE-CFAD-04031EA995D1</sourceEntity>
<targetCardinalityString>*</targetCardinalityString>
<targetEntity>CCD2E1AA-2B11-4A5C-3E15-49EF4FBB4F73</targetEntity>
<transferable>true</transferable>
</Relation>