<?xml version = '1.0' encoding = 'UTF-8'?>
<Relation class="oracle.dbtools.crest.model.design.logical.Relation" name="CLASSIFICATION_LICENSE" directorySegmentName="seg_0" id="40B41BC8-EE27-D660-AA3C-24318D6B171F">
<createdBy>anmolbagati</createdBy>
<createdTime>2019-09-25 16:43:05 UTC</createdTime>
<ownerDesignName>Logical Model - Assignment 2</ownerDesignName>
<engineerTo>
<item key="0E2F11E1-DE77-2446-7463-D4D8FF261EC6" value="true"/>
</engineerTo>
<sourcePk>51F7DAD2-CE9E-FAF3-BEBF-FDE7D9A5FA7F</sourcePk>
<identifying>true</identifying>
<nameOnSource>is awarded to</nameOnSource>
<optionalSource>false</optionalSource>
<optionalTarget>false</optionalTarget>
<sourceCardinality>1</sourceCardinality>
<sourceEntity>23102A21-D95C-7C95-78A2-D79E3A52A080</sourceEntity>
<targetCardinalityString>*</targetCardinalityString>
<targetEntity>CCD2E1AA-2B11-4A5C-3E15-49EF4FBB4F73</targetEntity>
<transferable>true</transferable>
</Relation>