<?xml version = '1.0' encoding = 'UTF-8'?>
<Relation class="oracle.dbtools.crest.model.design.logical.Relation" name="VEHICLE_OFFENCE" directorySegmentName="seg_0" id="61B58069-7D2D-8B6E-319E-A9F8D37584DD">
<createdBy>anmolbagati</createdBy>
<createdTime>2019-09-25 04:49:17 UTC</createdTime>
<ownerDesignName>Logical Model - Assignment 2</ownerDesignName>
<engineerTo>
<item key="0E2F11E1-DE77-2446-7463-D4D8FF261EC6" value="true"/>
</engineerTo>
<sourcePk>0AA45FBE-7E39-D2A9-A755-5A1967C9D4F0</sourcePk>
<identifying>false</identifying>
<nameOnSource>is involved in</nameOnSource>
<optionalSource>true</optionalSource>
<optionalTarget>false</optionalTarget>
<sourceCardinality>1</sourceCardinality>
<sourceEntity>E3E865A3-818A-011F-67F3-73A9D4458AF9</sourceEntity>
<targetCardinalityString>*</targetCardinalityString>
<targetEntity>3F042AF5-F124-5F18-8052-C338F6B5CD73</targetEntity>
<transferable>true</transferable>
</Relation>