<?xml version = '1.0' encoding = 'UTF-8'?>
<Relation class="oracle.dbtools.crest.model.design.logical.Relation" name="VEHICLE_REGISTRATION" directorySegmentName="seg_0" id="7AD57460-FACE-B415-AE5D-4F8DAC7E3299">
<createdBy>anmolbagati</createdBy>
<createdTime>2019-09-25 04:53:14 UTC</createdTime>
<ownerDesignName>Logical Model - Assignment 2</ownerDesignName>
<engineerTo>
<item key="0E2F11E1-DE77-2446-7463-D4D8FF261EC6" value="true"/>
</engineerTo>
<sourcePk>0AA45FBE-7E39-D2A9-A755-5A1967C9D4F0</sourcePk>
<identifying>true</identifying>
<nameOnSource>is given</nameOnSource>
<optionalSource>false</optionalSource>
<optionalTarget>false</optionalTarget>
<sourceCardinality>1</sourceCardinality>
<sourceEntity>E3E865A3-818A-011F-67F3-73A9D4458AF9</sourceEntity>
<targetCardinalityString>*</targetCardinalityString>
<targetEntity>5DE9E921-7D23-AAE3-1830-A18B562AE61A</targetEntity>
<transferable>true</transferable>
</Relation>