<?xml version = '1.0' encoding = 'UTF-8'?>
<Relation class="oracle.dbtools.crest.model.design.logical.Relation" name="MODEL_VEHICLE" directorySegmentName="seg_0" id="833461E3-8E34-9AB1-FD51-24C02922896A">
<createdBy>anmolbagati</createdBy>
<createdTime>2019-09-25 04:58:25 UTC</createdTime>
<ownerDesignName>Logical Model - Assignment 2</ownerDesignName>
<engineerTo>
<item key="0E2F11E1-DE77-2446-7463-D4D8FF261EC6" value="true"/>
</engineerTo>
<sourcePk>0C09D0CC-964D-F182-5353-BFF2DE3CD828</sourcePk>
<identifying>false</identifying>
<nameOnSource>classifies</nameOnSource>
<optionalSource>false</optionalSource>
<optionalTarget>false</optionalTarget>
<sourceCardinality>1</sourceCardinality>
<sourceEntity>8B38727B-5E1A-7379-DDD7-C4E0DAD736EB</sourceEntity>
<targetCardinalityString>*</targetCardinalityString>
<targetEntity>E3E865A3-818A-011F-67F3-73A9D4458AF9</targetEntity>
<transferable>true</transferable>
</Relation>