<?xml version = '1.0' encoding = 'UTF-8'?>
<Relation class="oracle.dbtools.crest.model.design.logical.Relation" name="STATION_ASSIGNMENT" directorySegmentName="seg_0" id="A7E1AA41-50F8-8534-320E-AD17C6488880">
<createdBy>anmolbagati</createdBy>
<createdTime>2019-09-25 04:36:02 UTC</createdTime>
<ownerDesignName>Logical Model - Assignment 2</ownerDesignName>
<engineerTo>
<item key="0E2F11E1-DE77-2446-7463-D4D8FF261EC6" value="true"/>
</engineerTo>
<sourcePk>4E5E8144-D667-E913-4B2F-D147C3D033E5</sourcePk>
<identifying>false</identifying>
<nameOnSource>is associated to</nameOnSource>
<optionalSource>false</optionalSource>
<optionalTarget>false</optionalTarget>
<sourceCardinality>1</sourceCardinality>
<sourceEntity>18938AD9-1706-DFD3-F16C-3C5628B9055F</sourceEntity>
<targetCardinalityString>*</targetCardinalityString>
<targetEntity>08FB0CD4-2842-B9C5-D1C0-1E81AF7851A9</targetEntity>
<transferable>true</transferable>
</Relation>