<?xml version = '1.0' encoding = 'UTF-8'?>
<Relation class="oracle.dbtools.crest.model.design.logical.Relation" name="MANUFACTURER_VEHICLE" directorySegmentName="seg_0" id="A96A7B77-D0DD-4E2D-B288-619567EB3F56">
<createdBy>anmolbagati</createdBy>
<createdTime>2019-09-25 05:05:10 UTC</createdTime>
<ownerDesignName>Logical Model - Assignment 2</ownerDesignName>
<engineerTo>
<item key="0E2F11E1-DE77-2446-7463-D4D8FF261EC6" value="true"/>
</engineerTo>
<sourcePk>6A25EAD0-9D6C-AF41-DF1F-D248BD69022B</sourcePk>
<identifying>false</identifying>
<nameOnSource>produces</nameOnSource>
<optionalSource>false</optionalSource>
<optionalTarget>false</optionalTarget>
<sourceCardinality>1</sourceCardinality>
<sourceEntity>A662B28C-D400-8F60-401A-4A942B991C71</sourceEntity>
<targetCardinalityString>*</targetCardinalityString>
<targetEntity>8B38727B-5E1A-7379-DDD7-C4E0DAD736EB</targetEntity>
<transferable>true</transferable>
</Relation>