<?xml version = '1.0' encoding = 'UTF-8'?>
<Relation class="oracle.dbtools.crest.model.design.logical.Relation" name="OFFICER_OFFENCE" directorySegmentName="seg_0" id="ACDB6364-8C10-7836-B8DC-9256F62C5B96">
<createdBy>anmolbagati</createdBy>
<createdTime>2019-09-25 04:39:49 UTC</createdTime>
<ownerDesignName>Logical Model - Assignment 2</ownerDesignName>
<engineerTo>
<item key="0E2F11E1-DE77-2446-7463-D4D8FF261EC6" value="true"/>
</engineerTo>
<sourcePk>482C40FD-D84A-950C-D1F7-28B1032CF900</sourcePk>
<identifying>false</identifying>
<nameOnSource>books</nameOnSource>
<optionalSource>true</optionalSource>
<optionalTarget>false</optionalTarget>
<sourceCardinality>1</sourceCardinality>
<sourceEntity>26B49FD9-87F1-33A7-1308-3E2ED9F96616</sourceEntity>
<targetCardinalityString>*</targetCardinalityString>
<targetEntity>3F042AF5-F124-5F18-8052-C338F6B5CD73</targetEntity>
<transferable>true</transferable>
<deleteRule>NO ACTION</deleteRule>
</Relation>