<?xml version = '1.0' encoding = 'UTF-8'?>
<Relation class="oracle.dbtools.crest.model.design.logical.Relation" name="OFFICER_ASSIGNMENT" directorySegmentName="seg_0" id="B14825A7-A792-2A75-B1E3-992C53488C7C">
<createdBy>anmolbagati</createdBy>
<createdTime>2019-09-25 04:29:19 UTC</createdTime>
<ownerDesignName>Logical Model - Assignment 2</ownerDesignName>
<engineerTo>
<item key="0E2F11E1-DE77-2446-7463-D4D8FF261EC6" value="true"/>
</engineerTo>
<sourcePk>482C40FD-D84A-950C-D1F7-28B1032CF900</sourcePk>
<identifying>true</identifying>
<nameOnSource>has an</nameOnSource>
<optionalSource>true</optionalSource>
<optionalTarget>false</optionalTarget>
<sourceCardinality>1</sourceCardinality>
<sourceEntity>26B49FD9-87F1-33A7-1308-3E2ED9F96616</sourceEntity>
<targetCardinalityString>*</targetCardinalityString>
<targetEntity>08FB0CD4-2842-B9C5-D1C0-1E81AF7851A9</targetEntity>
<transferable>true</transferable>
</Relation>