<?xml version = '1.0' encoding = 'UTF-8'?>
<Relation class="oracle.dbtools.crest.model.design.logical.Relation" name="DRIVER_CANCELLATION" directorySegmentName="seg_0" id="DE67676F-34C6-617B-0E19-4257839DF4FD">
<createdBy>anmolbagati</createdBy>
<createdTime>2019-09-25 06:11:19 UTC</createdTime>
<ownerDesignName>Logical Model - Assignment 2</ownerDesignName>
<engineerTo>
<item key="0E2F11E1-DE77-2446-7463-D4D8FF261EC6" value="true"/>
</engineerTo>
<sourcePk>237FC841-5E40-A244-E5BD-A8AC700A37C0</sourcePk>
<identifying>true</identifying>
<nameOnSource>gets a</nameOnSource>
<optionalSource>true</optionalSource>
<optionalTarget>false</optionalTarget>
<sourceCardinality>1</sourceCardinality>
<sourceEntity>452C7559-DBE6-96BE-CFAD-04031EA995D1</sourceEntity>
<targetCardinalityString>*</targetCardinalityString>
<targetEntity>3A8814F0-337B-E241-A85A-7F84E4675055</targetEntity>
<transferable>true</transferable>
</Relation>