<?xml version = '1.0' encoding = 'UTF-8'?>
<Relation class="oracle.dbtools.crest.model.design.logical.Relation" name="OFFICER_STATION" directorySegmentName="seg_0" id="E1DA2645-3BF7-FF35-3C9B-6D7CDC93CF34">
<createdBy>anmolbagati</createdBy>
<createdTime>2019-09-25 04:38:06 UTC</createdTime>
<ownerDesignName>Logical Model - Assignment 2</ownerDesignName>
<engineerTo>
<item key="0E2F11E1-DE77-2446-7463-D4D8FF261EC6" value="true"/>
</engineerTo>
<sourcePk>482C40FD-D84A-950C-D1F7-28B1032CF900</sourcePk>
<identifying>false</identifying>
<nameOnSource>is in charge of</nameOnSource>
<optionalSource>true</optionalSource>
<optionalTarget>false</optionalTarget>
<sourceCardinality>1</sourceCardinality>
<sourceEntity>26B49FD9-87F1-33A7-1308-3E2ED9F96616</sourceEntity>
<targetCardinalityString>1</targetCardinalityString>
<targetEntity>18938AD9-1706-DFD3-F16C-3C5628B9055F</targetEntity>
<transferable>true</transferable>
</Relation>