<?xml version = '1.0' encoding = 'UTF-8'?>
<Relation class="oracle.dbtools.crest.model.design.logical.Relation" name="MODEL_ENGINE" directorySegmentName="seg_0" id="FB12C2DC-7469-1048-CB21-225CA78628AF">
<createdBy>anmolbagati</createdBy>
<createdTime>2019-09-25 05:53:08 UTC</createdTime>
<ownerDesignName>Logical Model - Assignment 2</ownerDesignName>
<engineerTo>
<item key="0E2F11E1-DE77-2446-7463-D4D8FF261EC6" value="true"/>
</engineerTo>
<sourcePk>0C09D0CC-964D-F182-5353-BFF2DE3CD828</sourcePk>
<identifying>true</identifying>
<nameOnSource>consists of</nameOnSource>
<optionalSource>false</optionalSource>
<optionalTarget>false</optionalTarget>
<sourceCardinality>1</sourceCardinality>
<sourceEntity>8B38727B-5E1A-7379-DDD7-C4E0DAD736EB</sourceEntity>
<targetCardinalityString>*</targetCardinalityString>
<targetEntity>EB40F185-0933-0B2A-449F-60BB8419CACA</targetEntity>
<transferable>true</transferable>
</Relation>