<?xml version = '1.0' encoding = 'UTF-8'?>
<Diagram class="oracle.dbtools.crest.swingui.relational.DPVRelational" name="Relational_1" id="4EC16DBB-540E-B5AF-3CF9-517C8FCC762F">
<createdBy>anmolbagati</createdBy>
<modifiedBy>anmolbagati</modifiedBy>
<createdTime>2019-09-25 02:21:15 UTC</createdTime>
<autoRoute>false</autoRoute>
<boxInbox>true</boxInbox>
<showLegend>false</showLegend>
<showLabels>false</showLabels>
<showRelAttributes>false</showRelAttributes>
<gridEnabled>false</gridEnabled>
<showGrid>false</showGrid>
<diagramColor>-1</diagramColor>
<display>false</display>
<notation>1</notation>
<objectViews>
<OView class="oracle.dbtools.crest.swingui.relational.TVTable" oid="18077045-F4FE-2352-BD41-66CDB0FD474E" otype="Table" vid="EDF1AD64-5032-2F8E-BBB8-D32B61C6B892">
<hideElementsInCurrentOnly>false</hideElementsInCurrentOnly>
<bounds x="167" y="393" width="170" height="114"/>
</OView>
<OView class="oracle.dbtools.crest.swingui.relational.TVTable" oid="24F4D96A-F3C3-1B91-C7D7-0932C1C8FFBF" otype="Table" vid="7EED7D0C-03D0-7460-5B42-6DBFDDB76C60">
<hideElementsInCurrentOnly>false</hideElementsInCurrentOnly>
<bounds x="171" y="722" width="170" height="63"/>
</OView>
<OView class="oracle.dbtools.crest.swingui.relational.TVTable" oid="407F24CC-A821-52B4-49DA-AFBB0AABC34E" otype="Table" vid="D5CDA501-8956-460E-66EF-2B931F17476C">
<hideElementsInCurrentOnly>false</hideElementsInCurrentOnly>
<bounds x="1227" y="645" width="170" height="110"/>
</OView>
<OView class="oracle.dbtools.crest.swingui.relational.TVTable" oid="48A33EAC-5581-6D45-01D1-BF0BDB014787" otype="Table" vid="A044FB0C-1B06-3757-3AD9-2001719C214E">
<hideElementsInCurrentOnly>false</hideElementsInCurrentOnly>
<bounds x="699" y="103" width="170" height="173"/>
</OView>
<OView class="oracle.dbtools.crest.swingui.relational.TVTable" oid="6A5669F6-63BA-0560-2094-2E9AA076940D" otype="Table" vid="1CFC7EFF-7001-5CAE-7186-D95DDADC9918">
<hideElementsInCurrentOnly>false</hideElementsInCurrentOnly>
<bounds x="972" y="85" width="170" height="92"/>
</OView>
<OView class="oracle.dbtools.crest.swingui.relational.TVTable" oid="734A1F9C-04BE-7C45-902E-B452ED0C9348" otype="Table" vid="756CA560-D6D1-1B63-D456-91E36FE5FF09">
<hideElementsInCurrentOnly>false</hideElementsInCurrentOnly>
<bounds x="426" y="225" width="121" height="72"/>
</OView>
<OView class="oracle.dbtools.crest.swingui.relational.TVTable" oid="8AD0EA8C-5308-1675-0E68-43B31DDBCCAC" otype="Table" vid="8ADBC4FF-CF18-9F99-12EB-9E9B406B32E4">
<hideElementsInCurrentOnly>false</hideElementsInCurrentOnly>
<bounds x="978" y="604" width="170" height="111"/>
</OView>
<OView class="oracle.dbtools.crest.swingui.relational.TVTable" oid="8B521BD3-9B4F-8E94-78D5-7A53DA608105" otype="Table" vid="C74BC702-85C0-B149-44A1-DEE4CB60D00E">
<hideElementsInCurrentOnly>false</hideElementsInCurrentOnly>
<bounds x="170" y="581" width="170" height="72"/>
</OView>
<OView class="oracle.dbtools.crest.swingui.relational.TVTable" oid="99763D61-7A0A-5D80-C6CA-6162E52FD0C4" otype="Table" vid="5EDF28C8-99E0-DAF6-F93F-F80823729F63">
<hideElementsInCurrentOnly>false</hideElementsInCurrentOnly>
<bounds x="605" y="690" width="170" height="110"/>
</OView>
<OView class="oracle.dbtools.crest.swingui.relational.TVTable" oid="AEA8391B-55F0-BF46-B4C1-8D5AABF7CA12" otype="Table" vid="013D49A4-D3C8-8BE5-6884-376C4018DCAF">
<hideElementsInCurrentOnly>false</hideElementsInCurrentOnly>
<bounds x="1215" y="219" width="170" height="110"/>
</OView>
<OView class="oracle.dbtools.crest.swingui.relational.TVTable" oid="C3E71BEC-B7A8-69A0-BE0B-5659FB2BBE1D" otype="Table" vid="63976AAC-FDB0-BA5F-F164-FCAD12885A1D">
<hideElementsInCurrentOnly>false</hideElementsInCurrentOnly>
<bounds x="436" y="86" width="170" height="110"/>
</OView>
<OView class="oracle.dbtools.crest.swingui.relational.TVTable" oid="D088CD00-028F-E573-3DA4-6D0A6D595771" otype="Table" vid="30647505-981D-255D-404E-460AE8570948">
<hideElementsInCurrentOnly>false</hideElementsInCurrentOnly>
<bounds x="636" y="350" width="143" height="67"/>
</OView>
<OView class="oracle.dbtools.crest.swingui.relational.TVTable" oid="E1496753-4C53-A5DB-64BB-BF9530DB8B74" otype="Table" vid="A3CBA89A-2663-0610-0426-E04EDD621D2B">
<hideElementsInCurrentOnly>false</hideElementsInCurrentOnly>
<bounds x="966" y="307" width="170" height="121"/>
</OView>
<OView class="oracle.dbtools.crest.swingui.relational.TVTable" oid="E69C1A53-F3FE-0448-0DC4-5291C2330139" otype="Table" vid="E6554CA9-9510-C863-7924-5A5E7975EC1B">
<hideElementsInCurrentOnly>false</hideElementsInCurrentOnly>
<bounds x="1222" y="420" width="170" height="110"/>
</OView>
<OView class="oracle.dbtools.crest.swingui.relational.TVTable" oid="F1721EE5-EB08-B1D2-68F5-331814EA2780" otype="Table" vid="4FBBECAD-B782-E70C-427B-E07B1716F77D">
<hideElementsInCurrentOnly>false</hideElementsInCurrentOnly>
<bounds x="594" y="503" width="170" height="112"/>
</OView>
<OView class="oracle.dbtools.crest.swingui.relational.TVTable" oid="F5F16F27-3849-E380-E984-65894C8430B7" otype="Table" vid="49C226B1-368A-D97E-9B5E-88825854F4DA">
<hideElementsInCurrentOnly>false</hideElementsInCurrentOnly>
<bounds x="163" y="206" width="170" height="63"/>
</OView>
</objectViews>
<connectors>
<Connector class="oracle.dbtools.crest.swingui.relational.TVFKRelation" oid="203221BB-1597-084B-B29B-5DB66182FA66" otype="FKIndexAssociation" vid_source="A044FB0C-1B06-3757-3AD9-2001719C214E" vid_target="1CFC7EFF-7001-5CAE-7186-D95DDADC9918">
<hideElementsInCurrentOnly>false</hideElementsInCurrentOnly>
<backgroundColor>-16777216</backgroundColor>
<lineWidth>1</lineWidth>
<points>
<point x="869" y="140"/>
<point x="972" y="140"/>
</points>
</Connector>
<Connector class="oracle.dbtools.crest.swingui.relational.TVFKRelation" oid="24C1AC75-E1A4-E82B-AC69-3E591DE9EF8E" otype="FKIndexAssociation" vid_source="30647505-981D-255D-404E-460AE8570948" vid_target="4FBBECAD-B782-E70C-427B-E07B1716F77D">
<hideElementsInCurrentOnly>false</hideElementsInCurrentOnly>
<backgroundColor>-16777216</backgroundColor>
<lineWidth>1</lineWidth>
<points>
<point x="700" y="417"/>
<point x="700" y="503"/>
</points>
</Connector>
<Connector class="oracle.dbtools.crest.swingui.relational.TVFKRelation" oid="397727B9-0F47-F8FA-BCCA-19A1AB89C5B6" otype="FKIndexAssociation" vid_source="8ADBC4FF-CF18-9F99-12EB-9E9B406B32E4" vid_target="D5CDA501-8956-460E-66EF-2B931F17476C">
<hideElementsInCurrentOnly>false</hideElementsInCurrentOnly>
<backgroundColor>-16777216</backgroundColor>
<lineWidth>1</lineWidth>
<points>
<point x="1148" y="680"/>
<point x="1227" y="680"/>
</points>
</Connector>
<Connector class="oracle.dbtools.crest.swingui.relational.TVFKRelation" oid="41B5AAFB-74F6-A453-1BD2-B479B599574B" otype="FKIndexAssociation" vid_source="013D49A4-D3C8-8BE5-6884-376C4018DCAF" vid_target="A3CBA89A-2663-0610-0426-E04EDD621D2B">
<hideElementsInCurrentOnly>false</hideElementsInCurrentOnly>
<backgroundColor>-16777216</backgroundColor>
<lineWidth>1</lineWidth>
<points>
<point x="1215" y="318"/>
<point x="1136" y="318"/>
</points>
</Connector>
<Connector class="oracle.dbtools.crest.swingui.relational.TVFKRelation" oid="55E9C820-C777-26A6-2668-10067D99B8A4" otype="FKIndexAssociation" vid_source="30647505-981D-255D-404E-460AE8570948" vid_target="756CA560-D6D1-1B63-D456-91E36FE5FF09">
<hideElementsInCurrentOnly>false</hideElementsInCurrentOnly>
<backgroundColor>-16777216</backgroundColor>
<lineWidth>1</lineWidth>
<points>
<point x="636" y="381"/>
<point x="477" y="381"/>
<point x="477" y="297"/>
</points>
</Connector>
<Connector class="oracle.dbtools.crest.swingui.relational.TVFKRelation" oid="58376A28-C393-5340-77EF-5C911C85FBC8" otype="FKIndexAssociation" vid_source="7EED7D0C-03D0-7460-5B42-6DBFDDB76C60" vid_target="C74BC702-85C0-B149-44A1-DEE4CB60D00E">
<hideElementsInCurrentOnly>false</hideElementsInCurrentOnly>
<backgroundColor>-16777216</backgroundColor>
<lineWidth>1</lineWidth>
<points>
<point x="255" y="722"/>
<point x="255" y="653"/>
</points>
</Connector>
<Connector class="oracle.dbtools.crest.swingui.relational.TVFKRelation" oid="5DDC82E9-4A35-B164-1BB3-575A94923193" otype="FKIndexAssociation" vid_source="4FBBECAD-B782-E70C-427B-E07B1716F77D" vid_target="A3CBA89A-2663-0610-0426-E04EDD621D2B">
<hideElementsInCurrentOnly>false</hideElementsInCurrentOnly>
<backgroundColor>-16777216</backgroundColor>
<lineWidth>1</lineWidth>
<points>
<point x="764" y="542"/>
<point x="997" y="542"/>
<point x="997" y="428"/>
</points>
</Connector>
<Connector class="oracle.dbtools.crest.swingui.relational.TVFKRelation" oid="6461B3EA-10D5-E2FD-46D8-05C1D2C9AD95" otype="FKIndexAssociation" vid_source="4FBBECAD-B782-E70C-427B-E07B1716F77D" vid_target="5EDF28C8-99E0-DAF6-F93F-F80823729F63">
<hideElementsInCurrentOnly>false</hideElementsInCurrentOnly>
<backgroundColor>-16777216</backgroundColor>
<lineWidth>1</lineWidth>
<points>
<point x="684" y="615"/>
<point x="684" y="690"/>
</points>
</Connector>
<Connector class="oracle.dbtools.crest.swingui.relational.TVFKRelation" oid="81167BA3-C983-A068-817A-09F2F5C390D9" otype="FKIndexAssociation" vid_source="8ADBC4FF-CF18-9F99-12EB-9E9B406B32E4" vid_target="E6554CA9-9510-C863-7924-5A5E7975EC1B">
<hideElementsInCurrentOnly>false</hideElementsInCurrentOnly>
<backgroundColor>-16777216</backgroundColor>
<lineWidth>1</lineWidth>
<points>
<point x="1128" y="604"/>
<point x="1128" y="488"/>
<point x="1222" y="488"/>
</points>
</Connector>
<Connector class="oracle.dbtools.crest.swingui.relational.TVFKRelation" oid="953B3FF8-62B4-8562-9562-369DFC73A35E" otype="FKIndexAssociation" vid_source="A044FB0C-1B06-3757-3AD9-2001719C214E" vid_target="63976AAC-FDB0-BA5F-F164-FCAD12885A1D">
<hideElementsInCurrentOnly>false</hideElementsInCurrentOnly>
<backgroundColor>-16777216</backgroundColor>
<lineWidth>1</lineWidth>
<points>
<point x="699" y="149"/>
<point x="606" y="149"/>
</points>
</Connector>
<Connector class="oracle.dbtools.crest.swingui.relational.TVFKRelation" oid="A92F1FBA-739E-7741-F4FB-C65647CC803F" otype="FKIndexAssociation" vid_source="A044FB0C-1B06-3757-3AD9-2001719C214E" vid_target="756CA560-D6D1-1B63-D456-91E36FE5FF09">
<hideElementsInCurrentOnly>false</hideElementsInCurrentOnly>
<backgroundColor>-16777216</backgroundColor>
<lineWidth>1</lineWidth>
<points>
<point x="699" y="250"/>
<point x="547" y="250"/>
</points>
</Connector>
<Connector class="oracle.dbtools.crest.swingui.relational.TVFKRelation" oid="AA5776E0-35EB-399A-CEAD-90442E0E5DC4" otype="FKIndexAssociation" vid_source="C74BC702-85C0-B149-44A1-DEE4CB60D00E" vid_target="EDF1AD64-5032-2F8E-BBB8-D32B61C6B892">
<hideElementsInCurrentOnly>false</hideElementsInCurrentOnly>
<backgroundColor>-16777216</backgroundColor>
<lineWidth>1</lineWidth>
<points>
<point x="253" y="581"/>
<point x="253" y="507"/>
</points>
</Connector>
<Connector class="oracle.dbtools.crest.swingui.relational.TVFKRelation" oid="AEDD4546-8D6B-5EBC-46C6-A94217B117EC" otype="FKIndexAssociation" vid_source="E6554CA9-9510-C863-7924-5A5E7975EC1B" vid_target="D5CDA501-8956-460E-66EF-2B931F17476C">
<hideElementsInCurrentOnly>false</hideElementsInCurrentOnly>
<backgroundColor>-16777216</backgroundColor>
<lineWidth>1</lineWidth>
<points>
<point x="1309" y="530"/>
<point x="1309" y="645"/>
</points>
</Connector>
<Connector class="oracle.dbtools.crest.swingui.relational.TVFKRelation" oid="B4E04A38-2D39-EDFA-D72B-CE1224B496EA" otype="FKIndexAssociation" vid_source="A3CBA89A-2663-0610-0426-E04EDD621D2B" vid_target="A044FB0C-1B06-3757-3AD9-2001719C214E">
<hideElementsInCurrentOnly>false</hideElementsInCurrentOnly>
<backgroundColor>-16777216</backgroundColor>
<lineWidth>1</lineWidth>
<points>
<point x="1030" y="307"/>
<point x="1030" y="248"/>
<point x="869" y="248"/>
</points>
</Connector>
<Connector class="oracle.dbtools.crest.swingui.relational.TVFKRelation" oid="BBD87ADC-AD1B-EC8E-EB27-0877D1A055AB" otype="FKIndexAssociation" vid_source="8ADBC4FF-CF18-9F99-12EB-9E9B406B32E4" vid_target="A3CBA89A-2663-0610-0426-E04EDD621D2B">
<hideElementsInCurrentOnly>false</hideElementsInCurrentOnly>
<backgroundColor>-16777216</backgroundColor>
<lineWidth>1</lineWidth>
<points>
<point x="1057" y="604"/>
<point x="1057" y="428"/>
</points>
</Connector>
<Connector class="oracle.dbtools.crest.swingui.relational.TVFKRelation" oid="DD0ABFCF-A7A8-39A6-1E7C-A9B4FE8211E3" otype="FKIndexAssociation" vid_source="EDF1AD64-5032-2F8E-BBB8-D32B61C6B892" vid_target="49C226B1-368A-D97E-9B5E-88825854F4DA">
<hideElementsInCurrentOnly>false</hideElementsInCurrentOnly>
<backgroundColor>-16777216</backgroundColor>
<lineWidth>1</lineWidth>
<points>
<point x="250" y="393"/>
<point x="250" y="269"/>
</points>
</Connector>
<Connector class="oracle.dbtools.crest.swingui.relational.TVFKRelation" oid="E6C6F4D8-7BF3-28CF-87D6-2139C33FDD34" otype="FKIndexAssociation" vid_source="EDF1AD64-5032-2F8E-BBB8-D32B61C6B892" vid_target="4FBBECAD-B782-E70C-427B-E07B1716F77D">
<hideElementsInCurrentOnly>false</hideElementsInCurrentOnly>
<backgroundColor>-16777216</backgroundColor>
<lineWidth>1</lineWidth>
<points>
<point x="337" y="505"/>
<point x="594" y="505"/>
</points>
</Connector>
</connectors>
</Diagram>