<?xml version = '1.0' encoding = 'UTF-8'?>
<Entity class="oracle.dbtools.crest.model.design.logical.Entity" directorySegmentName="seg_0" id="02EB6474-6F67-228F-E9EE-BFA108579A9A" name="MANUFACTURER_COUNTRY">
<createdBy>anmolbagati</createdBy>
<createdTime>2019-09-25 02:50:23 UTC</createdTime>
<ownerDesignName>Logical Model - Assignment 2</ownerDesignName>
<engineerTo>
<item key="0E2F11E1-DE77-2446-7463-D4D8FF261EC6" value="true"/>
</engineerTo>
<adequatelyNormalized>NO</adequatelyNormalized>
<expectedVolumes>0</expectedVolumes>
<fwdEngineeringStrategyName>Single Table</fwdEngineeringStrategyName>
<growthPercent>0</growthPercent>
<growthType>Year</growthType>
<maxVolumes>9999999</maxVolumes>
<minVolumes>0</minVolumes>
<normalForm>Third</normalForm>
<attributes itemClass="oracle.dbtools.crest.model.design.logical.Attribute">
<Attribute name="manufacturer_country_code" id="1F82027F-8BEA-B570-32E5-4EA47C3965A3">
<createdBy>anmolbagati</createdBy>
<createdTime>2019-09-25 02:50:44 UTC</createdTime>
<commentInRDBMS>manufacturer&apos;s country code</commentInRDBMS>
<ownerDesignName>Logical Model - Assignment 2</ownerDesignName>
<engineerTo>
<item key="0E2F11E1-DE77-2446-7463-D4D8FF261EC6" value="true"/>
</engineerTo>
<useDomainConstraints>false</useDomainConstraints>
<use>1</use>
<logicalDatatype>LOGDT025</logicalDatatype>
<dataTypeSize>3</dataTypeSize>
<ownDataTypeParameters>3,,</ownDataTypeParameters>
</Attribute>
<Attribute name="manufacturer_country_name" id="899F502B-E634-BC79-559F-C643F7705B0F">
<createdBy>anmolbagati</createdBy>
<createdTime>2019-09-25 02:51:27 UTC</createdTime>
<commentInRDBMS>manufacturer&apos;s country name</commentInRDBMS>
<ownerDesignName>Logical Model - Assignment 2</ownerDesignName>
<engineerTo>
<item key="0E2F11E1-DE77-2446-7463-D4D8FF261EC6" value="true"/>
</engineerTo>
<useDomainConstraints>false</useDomainConstraints>
<use>1</use>
<logicalDatatype>LOGDT024</logicalDatatype>
<dataTypeSize>20</dataTypeSize>
<ownDataTypeParameters>20,,</ownDataTypeParameters>
</Attribute>
</attributes>
<identifiers itemClass="oracle.dbtools.crest.model.design.logical.CandidateKey">
<identifier id="6EB9F3E9-EFF7-CD5D-48D8-D0BABADA14C5" name="MANUFACTURER COUNTRY PK">
<createdBy>anmolbagati</createdBy>
<createdTime>2019-09-25 02:50:46 UTC</createdTime>
<ownerDesignName>Logical Model - Assignment 2</ownerDesignName>
<shouldEngineer>false</shouldEngineer>
<engineerTo>
<item key="0E2F11E1-DE77-2446-7463-D4D8FF261EC6" value="false"/>
</engineerTo>
<pk>true</pk>
<usedAttributes>
<attributeRef>1F82027F-8BEA-B570-32E5-4EA47C3965A3</attributeRef>
</usedAttributes>
</identifier>
</identifiers>
</Entity>