<?xml version = '1.0' encoding = 'UTF-8'?>
<Entity class="oracle.dbtools.crest.model.design.logical.Entity" directorySegmentName="seg_0" id="08FB0CD4-2842-B9C5-D1C0-1E81AF7851A9" name="ASSIGNMENT_HISTORY">
<createdBy>anmolbagati</createdBy>
<createdTime>2019-09-25 04:25:48 UTC</createdTime>
<ownerDesignName>Logical Model - Assignment 2</ownerDesignName>
<engineerTo>
<item key="0E2F11E1-DE77-2446-7463-D4D8FF261EC6" value="true"/>
</engineerTo>
<adequatelyNormalized>NO</adequatelyNormalized>
<expectedVolumes>0</expectedVolumes>
<fwdEngineeringStrategyName>Single Table</fwdEngineeringStrategyName>
<growthPercent>0</growthPercent>
<growthType>Year</growthType>
<maxVolumes>9999999</maxVolumes>
<minVolumes>0</minVolumes>
<normalForm>Third</normalForm>
<attributes itemClass="oracle.dbtools.crest.model.design.logical.Attribute">
<Attribute name="assignment_start_date" id="3A20CF08-5B5F-45DE-353F-291C35E91E80">
<createdBy>anmolbagati</createdBy>
<createdTime>2019-09-25 04:26:04 UTC</createdTime>
<comment>assignment start date</comment>
<ownerDesignName>Logical Model - Assignment 2</ownerDesignName>
<engineerTo>
<item key="0E2F11E1-DE77-2446-7463-D4D8FF261EC6" value="true"/>
</engineerTo>
<useDomainConstraints>false</useDomainConstraints>
<use>1</use>
<logicalDatatype>LOGDT007</logicalDatatype>
<ownDataTypeParameters>,,</ownDataTypeParameters>
</Attribute>
<Attribute name="officer_id" id="6783DC55-1EAB-C264-6000-89993F64E72B">
<createdBy>anmolbagati</createdBy>
<createdTime>2019-09-25 04:29:19 UTC</createdTime>
<generatorID>B14825A7-A792-2A75-B1E3-992C53488C7C</generatorID>
<ownerDesignName>Logical Model - Assignment 2</ownerDesignName>
<engineerTo>
<item key="0E2F11E1-DE77-2446-7463-D4D8FF261EC6" value="true"/>
</engineerTo>
<referedAttribute>76A1BA94-E7C9-CBB1-529F-97A65B86CB0A</referedAttribute>
<useDomainConstraints>false</useDomainConstraints>
<use>1</use>
<logicalDatatype>LOGDT024</logicalDatatype>
<dataTypeSize>20</dataTypeSize>
<ownDataTypeParameters>20,,</ownDataTypeParameters>
</Attribute>
<Attribute name="station_no" id="EA08B7D1-3AA6-CE8C-7D93-9B49C7B55A9D">
<createdBy>anmolbagati</createdBy>
<createdTime>2019-09-25 04:36:02 UTC</createdTime>
<generatorID>A7E1AA41-50F8-8534-320E-AD17C6488880</generatorID>
<ownerDesignName>Logical Model - Assignment 2</ownerDesignName>
<engineerTo>
<item key="0E2F11E1-DE77-2446-7463-D4D8FF261EC6" value="true"/>
</engineerTo>
<referedAttribute>6938CF7B-37E2-C843-EA07-B1DC7C3741C0</referedAttribute>
<useDomainConstraints>false</useDomainConstraints>
<use>1</use>
<logicalDatatype>LOGDT024</logicalDatatype>
<dataTypeSize>20</dataTypeSize>
<ownDataTypeParameters>20,,</ownDataTypeParameters>
</Attribute>
</attributes>
<identifiers itemClass="oracle.dbtools.crest.model.design.logical.CandidateKey">
<identifier id="30964E7A-C5CE-BBEF-E521-5E7382D09819" name="ASSIGNMENT HISTORY PK">
<createdBy>anmolbagati</createdBy>
<createdTime>2019-09-25 04:28:09 UTC</createdTime>
<ownerDesignName>Logical Model - Assignment 2</ownerDesignName>
<shouldEngineer>false</shouldEngineer>
<engineerTo>
<item key="0E2F11E1-DE77-2446-7463-D4D8FF261EC6" value="false"/>
</engineerTo>
<pk>true</pk>
<usedAttributes>
<attributeRef>3A20CF08-5B5F-45DE-353F-291C35E91E80</attributeRef>
<attributeRef>6783DC55-1EAB-C264-6000-89993F64E72B</attributeRef>
</usedAttributes>
</identifier>
</identifiers>
</Entity>