<?xml version = '1.0' encoding = 'UTF-8'?>
<Entity class="oracle.dbtools.crest.model.design.logical.Entity" directorySegmentName="seg_0" id="122F508E-9124-05AD-CFDF-3276A2D7DB4B" name="SUSPENSION">
<createdBy>anmolbagati</createdBy>
<createdTime>2019-09-25 02:21:23 UTC</createdTime>
<ownerDesignName>Logical Model - Assignment 2</ownerDesignName>
<engineerTo>
<item key="0E2F11E1-DE77-2446-7463-D4D8FF261EC6" value="true"/>
</engineerTo>
<adequatelyNormalized>NO</adequatelyNormalized>
<expectedVolumes>0</expectedVolumes>
<fwdEngineeringStrategyName>Single Table</fwdEngineeringStrategyName>
<growthPercent>0</growthPercent>
<growthType>Year</growthType>
<maxVolumes>9999999</maxVolumes>
<minVolumes>0</minVolumes>
<normalForm>Third</normalForm>
<attributes itemClass="oracle.dbtools.crest.model.design.logical.Attribute">
<Attribute name="suspension_start_date" id="4A883D75-82D1-C0E6-A118-F900AE5B9433">
<createdBy>anmolbagati</createdBy>
<createdTime>2019-09-25 02:22:25 UTC</createdTime>
<comment>start date of suspension</comment>
<commentInRDBMS>suspension start date</commentInRDBMS>
<ownerDesignName>Logical Model - Assignment 2</ownerDesignName>
<engineerTo>
<item key="0E2F11E1-DE77-2446-7463-D4D8FF261EC6" value="true"/>
</engineerTo>
<useDomainConstraints>false</useDomainConstraints>
<use>1</use>
<logicalDatatype>LOGDT007</logicalDatatype>
<ownDataTypeParameters>,,</ownDataTypeParameters>
</Attribute>
<Attribute name="suspension_end_date" id="00F7CE78-B00D-FBF4-925E-38530AE57230">
<createdBy>anmolbagati</createdBy>
<createdTime>2019-09-25 02:22:59 UTC</createdTime>
<comment>end date of suspension</comment>
<commentInRDBMS>suspension end date</commentInRDBMS>
<ownerDesignName>Logical Model - Assignment 2</ownerDesignName>
<engineerTo>
<item key="0E2F11E1-DE77-2446-7463-D4D8FF261EC6" value="true"/>
</engineerTo>
<useDomainConstraints>false</useDomainConstraints>
<use>1</use>
<logicalDatatype>LOGDT007</logicalDatatype>
<ownDataTypeParameters>,,</ownDataTypeParameters>
</Attribute>
<Attribute name="license_no" id="2B83F17D-BC19-1A51-31E4-F931EDFD0D7B">
<createdBy>anmolbagati</createdBy>
<createdTime>2019-09-25 06:09:53 UTC</createdTime>
<generatorID>164F48F3-544C-EB89-FDFB-1D4DA9AD5E47</generatorID>
<ownerDesignName>Logical Model - Assignment 2</ownerDesignName>
<engineerTo>
<item key="0E2F11E1-DE77-2446-7463-D4D8FF261EC6" value="true"/>
</engineerTo>
<referedAttribute>4E6EF7E7-7D60-516C-BD4F-9A09AF81A39F</referedAttribute>
<useDomainConstraints>false</useDomainConstraints>
<use>1</use>
<logicalDatatype>LOGDT025</logicalDatatype>
<dataTypeSize>7</dataTypeSize>
<ownDataTypeParameters>7,,</ownDataTypeParameters>
</Attribute>
</attributes>
<identifiers itemClass="oracle.dbtools.crest.model.design.logical.CandidateKey">
<identifier id="650098CB-0650-9CFF-33AA-5DA489909AEE" name="LICENSE SUSPENSION PK">
<createdBy>anmolbagati</createdBy>
<createdTime>2019-09-25 02:22:40 UTC</createdTime>
<ownerDesignName>Logical Model - Assignment 2</ownerDesignName>
<shouldEngineer>false</shouldEngineer>
<engineerTo>
<item key="0E2F11E1-DE77-2446-7463-D4D8FF261EC6" value="false"/>
</engineerTo>
<pk>true</pk>
<usedAttributes>
<attributeRef>4A883D75-82D1-C0E6-A118-F900AE5B9433</attributeRef>
<attributeRef>2B83F17D-BC19-1A51-31E4-F931EDFD0D7B</attributeRef>
</usedAttributes>
</identifier>
</identifiers>
</Entity>