<?xml version = '1.0' encoding = 'UTF-8'?>
<Entity class="oracle.dbtools.crest.model.design.logical.Entity" directorySegmentName="seg_0" id="18938AD9-1706-DFD3-F16C-3C5628B9055F" name="STATION">
<createdBy>anmolbagati</createdBy>
<createdTime>2019-09-25 04:14:48 UTC</createdTime>
<ownerDesignName>Logical Model - Assignment 2</ownerDesignName>
<engineerTo>
<item key="0E2F11E1-DE77-2446-7463-D4D8FF261EC6" value="true"/>
</engineerTo>
<adequatelyNormalized>NO</adequatelyNormalized>
<expectedVolumes>0</expectedVolumes>
<fwdEngineeringStrategyName>Single Table</fwdEngineeringStrategyName>
<growthPercent>0</growthPercent>
<growthType>Year</growthType>
<maxVolumes>9999999</maxVolumes>
<minVolumes>0</minVolumes>
<normalForm>Third</normalForm>
<attributes itemClass="oracle.dbtools.crest.model.design.logical.Attribute">
<Attribute name="station_no" id="6938CF7B-37E2-C843-EA07-B1DC7C3741C0">
<createdBy>anmolbagati</createdBy>
<createdTime>2019-09-25 04:15:06 UTC</createdTime>
<commentInRDBMS>unique station number</commentInRDBMS>
<ownerDesignName>Logical Model - Assignment 2</ownerDesignName>
<engineerTo>
<item key="0E2F11E1-DE77-2446-7463-D4D8FF261EC6" value="true"/>
</engineerTo>
<useDomainConstraints>false</useDomainConstraints>
<use>1</use>
<logicalDatatype>LOGDT024</logicalDatatype>
<dataTypeSize>20</dataTypeSize>
<ownDataTypeParameters>20,,</ownDataTypeParameters>
</Attribute>
<Attribute name="station_address" id="72DC589C-EF67-5336-9FCD-604BFF2CA774">
<createdBy>anmolbagati</createdBy>
<createdTime>2019-09-25 04:19:54 UTC</createdTime>
<commentInRDBMS>address of the station</commentInRDBMS>
<ownerDesignName>Logical Model - Assignment 2</ownerDesignName>
<engineerTo>
<item key="0E2F11E1-DE77-2446-7463-D4D8FF261EC6" value="true"/>
</engineerTo>
<useDomainConstraints>false</useDomainConstraints>
<use>1</use>
<logicalDatatype>LOGDT024</logicalDatatype>
<dataTypeSize>75</dataTypeSize>
<ownDataTypeParameters>75,,</ownDataTypeParameters>
</Attribute>
<Attribute name="station_contact_no" id="0103CD41-2BDE-FA78-7321-B5B3D895E7DD">
<createdBy>anmolbagati</createdBy>
<createdTime>2019-09-25 04:20:51 UTC</createdTime>
<commentInRDBMS>contatc number of the station</commentInRDBMS>
<ownerDesignName>Logical Model - Assignment 2</ownerDesignName>
<engineerTo>
<item key="0E2F11E1-DE77-2446-7463-D4D8FF261EC6" value="true"/>
</engineerTo>
<useDomainConstraints>false</useDomainConstraints>
<use>1</use>
<logicalDatatype>LOGDT025</logicalDatatype>
<dataTypeSize>10</dataTypeSize>
<ownDataTypeParameters>10,,</ownDataTypeParameters>
</Attribute>
<Attribute name="station_open_status" id="ABC478F7-A7AD-3943-4E39-4AD5E0934A93">
<createdBy>anmolbagati</createdBy>
<createdTime>2019-09-25 04:21:22 UTC</createdTime>
<commentInRDBMS>if station is open 24*7 or not</commentInRDBMS>
<ownerDesignName>Logical Model - Assignment 2</ownerDesignName>
<engineerTo>
<item key="0E2F11E1-DE77-2446-7463-D4D8FF261EC6" value="true"/>
</engineerTo>
<useDomainConstraints>false</useDomainConstraints>
<use>1</use>
<logicalDatatype>LOGDT024</logicalDatatype>
<dataTypeSize>10</dataTypeSize>
<ownDataTypeParameters>10,,</ownDataTypeParameters>
</Attribute>
<Attribute name="officer_id" id="408280E8-330A-2840-D277-F25F94B3EBCB">
<createdBy>anmolbagati</createdBy>
<createdTime>2019-09-25 04:38:06 UTC</createdTime>
<generatorID>E1DA2645-3BF7-FF35-3C9B-6D7CDC93CF34</generatorID>
<ownerDesignName>Logical Model - Assignment 2</ownerDesignName>
<engineerTo>
<item key="0E2F11E1-DE77-2446-7463-D4D8FF261EC6" value="true"/>
</engineerTo>
<referedAttribute>76A1BA94-E7C9-CBB1-529F-97A65B86CB0A</referedAttribute>
<useDomainConstraints>false</useDomainConstraints>
<use>1</use>
<logicalDatatype>LOGDT024</logicalDatatype>
<dataTypeSize>20</dataTypeSize>
<ownDataTypeParameters>20,,</ownDataTypeParameters>
</Attribute>
</attributes>
<identifiers itemClass="oracle.dbtools.crest.model.design.logical.CandidateKey">
<identifier id="4E5E8144-D667-E913-4B2F-D147C3D033E5" name="STATION PK">
<createdBy>anmolbagati</createdBy>
<createdTime>2019-09-25 04:19:52 UTC</createdTime>
<ownerDesignName>Logical Model - Assignment 2</ownerDesignName>
<shouldEngineer>false</shouldEngineer>
<engineerTo>
<item key="0E2F11E1-DE77-2446-7463-D4D8FF261EC6" value="false"/>
</engineerTo>
<pk>true</pk>
<usedAttributes>
<attributeRef>6938CF7B-37E2-C843-EA07-B1DC7C3741C0</attributeRef>
</usedAttributes>
</identifier>
</identifiers>
</Entity>