<?xml version = '1.0' encoding = 'UTF-8'?>
<Entity class="oracle.dbtools.crest.model.design.logical.Entity" directorySegmentName="seg_0" id="23102A21-D95C-7C95-78A2-D79E3A52A080" name="CLASSIFICATION">
<createdBy>anmolbagati</createdBy>
<createdTime>2019-09-25 05:01:25 UTC</createdTime>
<ownerDesignName>Logical Model - Assignment 2</ownerDesignName>
<engineerTo>
<item key="0E2F11E1-DE77-2446-7463-D4D8FF261EC6" value="true"/>
</engineerTo>
<adequatelyNormalized>NO</adequatelyNormalized>
<expectedVolumes>0</expectedVolumes>
<fwdEngineeringStrategyName>Single Table</fwdEngineeringStrategyName>
<growthPercent>0</growthPercent>
<growthType>Year</growthType>
<maxVolumes>9999999</maxVolumes>
<minVolumes>0</minVolumes>
<normalForm>Third</normalForm>
<attributes itemClass="oracle.dbtools.crest.model.design.logical.Attribute">
<Attribute name="type_id" id="9E211665-1D04-CEEA-17A5-142E7A542C86">
<createdBy>anmolbagati</createdBy>
<createdTime>2019-09-25 16:40:13 UTC</createdTime>
<commentInRDBMS>Unique type identification</commentInRDBMS>
<ownerDesignName>Logical Model - Assignment 2</ownerDesignName>
<engineerTo>
<item key="0E2F11E1-DE77-2446-7463-D4D8FF261EC6" value="true"/>
</engineerTo>
<useDomainConstraints>false</useDomainConstraints>
<use>1</use>
<logicalDatatype>LOGDT025</logicalDatatype>
<dataTypeSize>4</dataTypeSize>
<ownDataTypeParameters>4,,</ownDataTypeParameters>
</Attribute>
<Attribute name="classicifaction_type" id="421BBAA7-FC1D-86BF-D173-F0D18BAED7FC">
<createdBy>anmolbagati</createdBy>
<createdTime>2019-09-25 16:40:59 UTC</createdTime>
<commentInRDBMS>type of license</commentInRDBMS>
<ownerDesignName>Logical Model - Assignment 2</ownerDesignName>
<engineerTo>
<item key="0E2F11E1-DE77-2446-7463-D4D8FF261EC6" value="true"/>
</engineerTo>
<useDomainConstraints>false</useDomainConstraints>
<use>1</use>
<logicalDatatype>LOGDT024</logicalDatatype>
<dataTypeSize>15</dataTypeSize>
<ownDataTypeParameters>15,,</ownDataTypeParameters>
</Attribute>
</attributes>
<identifiers itemClass="oracle.dbtools.crest.model.design.logical.CandidateKey">
<identifier id="51F7DAD2-CE9E-FAF3-BEBF-FDE7D9A5FA7F" name="CLASSIFICATION PK">
<createdBy>anmolbagati</createdBy>
<createdTime>2019-09-25 16:40:38 UTC</createdTime>
<ownerDesignName>Logical Model - Assignment 2</ownerDesignName>
<shouldEngineer>false</shouldEngineer>
<engineerTo>
<item key="0E2F11E1-DE77-2446-7463-D4D8FF261EC6" value="false"/>
</engineerTo>
<pk>true</pk>
<usedAttributes>
<attributeRef>9E211665-1D04-CEEA-17A5-142E7A542C86</attributeRef>
</usedAttributes>
</identifier>
<identifier id="BAF668AD-6B9C-09F5-B9D8-975063E33120" name="classification_type">
<createdBy>anmolbagati</createdBy>
<createdTime>2019-09-26 02:44:55 UTC</createdTime>
<ownerDesignName>Logical Model - Assignment 2</ownerDesignName>
<shouldEngineer>false</shouldEngineer>
<engineerTo>
<item key="0E2F11E1-DE77-2446-7463-D4D8FF261EC6" value="false"/>
</engineerTo>
<newElementsIDs>421BBAA7-FC1D-86BF-D173-F0D18BAED7FC</newElementsIDs>
<usedAttributes>
<attributeRef>421BBAA7-FC1D-86BF-D173-F0D18BAED7FC</attributeRef>
</usedAttributes>
</identifier>
</identifiers>
</Entity>