<?xml version = '1.0' encoding = 'UTF-8'?>
<Entity class="oracle.dbtools.crest.model.design.logical.Entity" directorySegmentName="seg_0" id="26B49FD9-87F1-33A7-1308-3E2ED9F96616" name="OFFICER">
<createdBy>anmolbagati</createdBy>
<createdTime>2019-09-25 04:02:29 UTC</createdTime>
<ownerDesignName>Logical Model - Assignment 2</ownerDesignName>
<engineerTo>
<item key="0E2F11E1-DE77-2446-7463-D4D8FF261EC6" value="true"/>
</engineerTo>
<adequatelyNormalized>NO</adequatelyNormalized>
<expectedVolumes>0</expectedVolumes>
<fwdEngineeringStrategyName>Single Table</fwdEngineeringStrategyName>
<growthPercent>0</growthPercent>
<growthType>Year</growthType>
<maxVolumes>9999999</maxVolumes>
<minVolumes>0</minVolumes>
<normalForm>Third</normalForm>
<attributes itemClass="oracle.dbtools.crest.model.design.logical.Attribute">
<Attribute name="officer_id" id="76A1BA94-E7C9-CBB1-529F-97A65B86CB0A">
<createdBy>anmolbagati</createdBy>
<createdTime>2019-09-25 04:02:38 UTC</createdTime>
<commentInRDBMS>unique officer identification </commentInRDBMS>
<ownerDesignName>Logical Model - Assignment 2</ownerDesignName>
<engineerTo>
<item key="0E2F11E1-DE77-2446-7463-D4D8FF261EC6" value="true"/>
</engineerTo>
<useDomainConstraints>false</useDomainConstraints>
<use>1</use>
<logicalDatatype>LOGDT024</logicalDatatype>
<dataTypeSize>20</dataTypeSize>
<ownDataTypeParameters>20,,</ownDataTypeParameters>
</Attribute>
<Attribute name="officer_first_name" id="EBC266E1-43EF-7941-F4BE-8FDF1282F861">
<createdBy>anmolbagati</createdBy>
<createdTime>2019-09-25 04:04:54 UTC</createdTime>
<commentInRDBMS>officer&apos;s first name</commentInRDBMS>
<ownerDesignName>Logical Model - Assignment 2</ownerDesignName>
<engineerTo>
<item key="0E2F11E1-DE77-2446-7463-D4D8FF261EC6" value="true"/>
</engineerTo>
<useDomainConstraints>false</useDomainConstraints>
<use>1</use>
<logicalDatatype>LOGDT024</logicalDatatype>
<dataTypeSize>15</dataTypeSize>
<ownDataTypeParameters>15,,</ownDataTypeParameters>
</Attribute>
<Attribute name="officer_last_name" id="699F03C7-95AE-448C-5A55-CF44F06BA47B">
<createdBy>anmolbagati</createdBy>
<createdTime>2019-09-25 04:07:08 UTC</createdTime>
<commentInRDBMS>officer&apos;s last name</commentInRDBMS>
<ownerDesignName>Logical Model - Assignment 2</ownerDesignName>
<engineerTo>
<item key="0E2F11E1-DE77-2446-7463-D4D8FF261EC6" value="true"/>
</engineerTo>
<useDomainConstraints>false</useDomainConstraints>
<use>1</use>
<logicalDatatype>LOGDT024</logicalDatatype>
<dataTypeSize>15</dataTypeSize>
<ownDataTypeParameters>15,,</ownDataTypeParameters>
</Attribute>
<Attribute name="officer_rank" id="4A7FFCB1-B525-89DA-791F-ADBC40F21951">
<createdBy>anmolbagati</createdBy>
<createdTime>2019-09-25 04:07:45 UTC</createdTime>
<commentInRDBMS>officer rank</commentInRDBMS>
<ownerDesignName>Logical Model - Assignment 2</ownerDesignName>
<engineerTo>
<item key="0E2F11E1-DE77-2446-7463-D4D8FF261EC6" value="true"/>
</engineerTo>
<useDomainConstraints>false</useDomainConstraints>
<use>1</use>
<logicalDatatype>LOGDT024</logicalDatatype>
<dataTypeSize>20</dataTypeSize>
<ownDataTypeParameters>20,,</ownDataTypeParameters>
</Attribute>
</attributes>
<identifiers itemClass="oracle.dbtools.crest.model.design.logical.CandidateKey">
<identifier id="482C40FD-D84A-950C-D1F7-28B1032CF900" name="OFFICER PK">
<createdBy>anmolbagati</createdBy>
<createdTime>2019-09-25 04:04:31 UTC</createdTime>
<ownerDesignName>Logical Model - Assignment 2</ownerDesignName>
<shouldEngineer>false</shouldEngineer>
<engineerTo>
<item key="0E2F11E1-DE77-2446-7463-D4D8FF261EC6" value="false"/>
</engineerTo>
<pk>true</pk>
<usedAttributes>
<attributeRef>76A1BA94-E7C9-CBB1-529F-97A65B86CB0A</attributeRef>
</usedAttributes>
</identifier>
</identifiers>
</Entity>