<?xml version = '1.0' encoding = 'UTF-8'?>
<Entity class="oracle.dbtools.crest.model.design.logical.Entity" directorySegmentName="seg_0" id="3A8814F0-337B-E241-A85A-7F84E4675055" name="CANCELLATION">
<createdBy>anmolbagati</createdBy>
<createdTime>2019-09-25 05:21:42 UTC</createdTime>
<ownerDesignName>Logical Model - Assignment 2</ownerDesignName>
<engineerTo>
<item key="0E2F11E1-DE77-2446-7463-D4D8FF261EC6" value="true"/>
</engineerTo>
<adequatelyNormalized>NO</adequatelyNormalized>
<expectedVolumes>0</expectedVolumes>
<fwdEngineeringStrategyName>Single Table</fwdEngineeringStrategyName>
<growthPercent>0</growthPercent>
<growthType>Year</growthType>
<maxVolumes>9999999</maxVolumes>
<minVolumes>0</minVolumes>
<normalForm>Third</normalForm>
<attributes itemClass="oracle.dbtools.crest.model.design.logical.Attribute">
<Attribute name="cancellation_date" id="266DF6ED-20BA-8410-D734-5743749D7A61">
<createdBy>anmolbagati</createdBy>
<createdTime>2019-09-25 05:22:38 UTC</createdTime>
<commentInRDBMS>date of cancellation</commentInRDBMS>
<ownerDesignName>Logical Model - Assignment 2</ownerDesignName>
<engineerTo>
<item key="0E2F11E1-DE77-2446-7463-D4D8FF261EC6" value="true"/>
</engineerTo>
<useDomainConstraints>false</useDomainConstraints>
<use>1</use>
<logicalDatatype>LOGDT007</logicalDatatype>
<ownDataTypeParameters>,,</ownDataTypeParameters>
</Attribute>
<Attribute name="cancellation_reason" id="847B7D5B-C02C-6A6D-2051-AD0DAF632690">
<createdBy>anmolbagati</createdBy>
<createdTime>2019-09-25 05:24:03 UTC</createdTime>
<comment>reason of license cancellation</comment>
<commentInRDBMS>reason of license cancellation</commentInRDBMS>
<ownerDesignName>Logical Model - Assignment 2</ownerDesignName>
<engineerTo>
<item key="0E2F11E1-DE77-2446-7463-D4D8FF261EC6" value="true"/>
</engineerTo>
<useDomainConstraints>false</useDomainConstraints>
<use>1</use>
<logicalDatatype>LOGDT024</logicalDatatype>
<dataTypeSize>50</dataTypeSize>
<ownDataTypeParameters>50,,</ownDataTypeParameters>
</Attribute>
<Attribute name="court_hearing_date" id="A23B4A89-BA75-9CDE-268C-473B68198252">
<createdBy>anmolbagati</createdBy>
<createdTime>2019-09-25 05:25:09 UTC</createdTime>
<comment>date of court hearing</comment>
<ownerDesignName>Logical Model - Assignment 2</ownerDesignName>
<engineerTo>
<item key="0E2F11E1-DE77-2446-7463-D4D8FF261EC6" value="true"/>
</engineerTo>
<nullsAllowed>true</nullsAllowed>
<useDomainConstraints>false</useDomainConstraints>
<use>1</use>
<logicalDatatype>LOGDT007</logicalDatatype>
<ownDataTypeParameters>,,</ownDataTypeParameters>
</Attribute>
<Attribute name="license_reinstate_date" id="F8FD115B-B9AC-6858-C374-1CD6C29BFBA0">
<createdBy>anmolbagati</createdBy>
<createdTime>2019-09-25 05:25:35 UTC</createdTime>
<comment>date of license reinstation</comment>
<ownerDesignName>Logical Model - Assignment 2</ownerDesignName>
<engineerTo>
<item key="0E2F11E1-DE77-2446-7463-D4D8FF261EC6" value="true"/>
</engineerTo>
<nullsAllowed>true</nullsAllowed>
<useDomainConstraints>false</useDomainConstraints>
<use>1</use>
<logicalDatatype>LOGDT007</logicalDatatype>
<ownDataTypeParameters>,,</ownDataTypeParameters>
</Attribute>
<Attribute name="license_no" id="D815E050-F632-87B3-96C9-B0C532278AC0">
<createdBy>anmolbagati</createdBy>
<createdTime>2019-09-25 06:11:19 UTC</createdTime>
<generatorID>DE67676F-34C6-617B-0E19-4257839DF4FD</generatorID>
<ownerDesignName>Logical Model - Assignment 2</ownerDesignName>
<engineerTo>
<item key="0E2F11E1-DE77-2446-7463-D4D8FF261EC6" value="true"/>
</engineerTo>
<referedAttribute>4E6EF7E7-7D60-516C-BD4F-9A09AF81A39F</referedAttribute>
<useDomainConstraints>false</useDomainConstraints>
<use>1</use>
<logicalDatatype>LOGDT025</logicalDatatype>
<dataTypeSize>7</dataTypeSize>
<ownDataTypeParameters>7,,</ownDataTypeParameters>
</Attribute>
</attributes>
<identifiers itemClass="oracle.dbtools.crest.model.design.logical.CandidateKey">
<identifier id="36DCAF49-28E1-11E1-4A80-F89C89600E67" name="CANCELLATION PK">
<createdBy>anmolbagati</createdBy>
<createdTime>2019-09-25 05:23:43 UTC</createdTime>
<ownerDesignName>Logical Model - Assignment 2</ownerDesignName>
<shouldEngineer>false</shouldEngineer>
<engineerTo>
<item key="0E2F11E1-DE77-2446-7463-D4D8FF261EC6" value="false"/>
</engineerTo>
<pk>true</pk>
<usedAttributes>
<attributeRef>266DF6ED-20BA-8410-D734-5743749D7A61</attributeRef>
<attributeRef>D815E050-F632-87B3-96C9-B0C532278AC0</attributeRef>
</usedAttributes>
</identifier>
</identifiers>
</Entity>