<?xml version = '1.0' encoding = 'UTF-8'?>
<Entity class="oracle.dbtools.crest.model.design.logical.Entity" directorySegmentName="seg_0" id="3F042AF5-F124-5F18-8052-C338F6B5CD73" name="OFFENCE">
<createdBy>anmolbagati</createdBy>
<createdTime>2019-09-25 03:57:17 UTC</createdTime>
<ownerDesignName>Logical Model - Assignment 2</ownerDesignName>
<engineerTo>
<item key="0E2F11E1-DE77-2446-7463-D4D8FF261EC6" value="true"/>
</engineerTo>
<adequatelyNormalized>NO</adequatelyNormalized>
<expectedVolumes>0</expectedVolumes>
<fwdEngineeringStrategyName>Single Table</fwdEngineeringStrategyName>
<growthPercent>0</growthPercent>
<growthType>Year</growthType>
<maxVolumes>9999999</maxVolumes>
<minVolumes>0</minVolumes>
<normalForm>Third</normalForm>
<attributes itemClass="oracle.dbtools.crest.model.design.logical.Attribute">
<Attribute name="offence_no" id="8E4FFF15-DACC-C14E-E41F-F6D00D8DD6F5">
<createdBy>anmolbagati</createdBy>
<createdTime>2019-09-25 03:57:27 UTC</createdTime>
<commentInRDBMS>Offence number</commentInRDBMS>
<ownerDesignName>Logical Model - Assignment 2</ownerDesignName>
<engineerTo>
<item key="0E2F11E1-DE77-2446-7463-D4D8FF261EC6" value="true"/>
</engineerTo>
<useDomainConstraints>false</useDomainConstraints>
<use>1</use>
<logicalDatatype>LOGDT024</logicalDatatype>
<dataTypeSize>20</dataTypeSize>
<ownDataTypeParameters>20,,</ownDataTypeParameters>
</Attribute>
<Attribute name="offence_location" id="1C297E71-CB0B-1E6F-E45F-118CAA2522AF">
<createdBy>anmolbagati</createdBy>
<createdTime>2019-09-25 03:57:31 UTC</createdTime>
<commentInRDBMS>location of the offence</commentInRDBMS>
<ownerDesignName>Logical Model - Assignment 2</ownerDesignName>
<engineerTo>
<item key="0E2F11E1-DE77-2446-7463-D4D8FF261EC6" value="true"/>
</engineerTo>
<useDomainConstraints>false</useDomainConstraints>
<use>1</use>
<logicalDatatype>LOGDT024</logicalDatatype>
<dataTypeSize>50</dataTypeSize>
<ownDataTypeParameters>50,,</ownDataTypeParameters>
</Attribute>
<Attribute name="offence_datetime" id="8FF62F44-13FD-17B5-C864-4C5CF9DF82C1">
<createdBy>anmolbagati</createdBy>
<createdTime>2019-09-25 03:59:46 UTC</createdTime>
<commentInRDBMS>date of the offence</commentInRDBMS>
<ownerDesignName>Logical Model - Assignment 2</ownerDesignName>
<engineerTo>
<item key="0E2F11E1-DE77-2446-7463-D4D8FF261EC6" value="true"/>
</engineerTo>
<useDomainConstraints>false</useDomainConstraints>
<use>1</use>
<logicalDatatype>LOGDT007</logicalDatatype>
<ownDataTypeParameters>,,</ownDataTypeParameters>
</Attribute>
<Attribute name="officer_id" id="08969F7B-D03B-AB81-2190-EA2426F5A25F">
<createdBy>anmolbagati</createdBy>
<createdTime>2019-09-25 04:39:49 UTC</createdTime>
<generatorID>ACDB6364-8C10-7836-B8DC-9256F62C5B96</generatorID>
<ownerDesignName>Logical Model - Assignment 2</ownerDesignName>
<engineerTo>
<item key="0E2F11E1-DE77-2446-7463-D4D8FF261EC6" value="true"/>
</engineerTo>
<referedAttribute>76A1BA94-E7C9-CBB1-529F-97A65B86CB0A</referedAttribute>
<useDomainConstraints>false</useDomainConstraints>
<use>1</use>
<logicalDatatype>LOGDT024</logicalDatatype>
<dataTypeSize>20</dataTypeSize>
<ownDataTypeParameters>20,,</ownDataTypeParameters>
</Attribute>
<Attribute name="demerit_code" id="75D92ED9-5CD4-6112-4831-9B1B07705E2A">
<createdBy>anmolbagati</createdBy>
<createdTime>2019-09-25 04:44:56 UTC</createdTime>
<generatorID>0A05F9DA-EB61-B16F-62CF-C30BFECD01D9</generatorID>
<ownerDesignName>Logical Model - Assignment 2</ownerDesignName>
<engineerTo>
<item key="0E2F11E1-DE77-2446-7463-D4D8FF261EC6" value="true"/>
</engineerTo>
<referedAttribute>993C7A28-03BE-5F9E-5E01-8EDC0752FA8C</referedAttribute>
<useDomainConstraints>false</useDomainConstraints>
<use>1</use>
<logicalDatatype>LOGDT024</logicalDatatype>
<dataTypeSize>20</dataTypeSize>
<ownDataTypeParameters>20,,</ownDataTypeParameters>
</Attribute>
<Attribute name="vehicle_vin" id="AA1F0E45-D55D-152F-3317-EFB6EF180D7D">
<createdBy>anmolbagati</createdBy>
<createdTime>2019-09-25 04:49:17 UTC</createdTime>
<generatorID>61B58069-7D2D-8B6E-319E-A9F8D37584DD</generatorID>
<ownerDesignName>Logical Model - Assignment 2</ownerDesignName>
<engineerTo>
<item key="0E2F11E1-DE77-2446-7463-D4D8FF261EC6" value="true"/>
</engineerTo>
<referedAttribute>DECDC0A6-B704-78C6-A28B-16C52A5D4CDE</referedAttribute>
<useDomainConstraints>false</useDomainConstraints>
<use>1</use>
<logicalDatatype>LOGDT025</logicalDatatype>
<dataTypeSize>17</dataTypeSize>
<ownDataTypeParameters>17,,</ownDataTypeParameters>
</Attribute>
</attributes>
<identifiers itemClass="oracle.dbtools.crest.model.design.logical.CandidateKey">
<identifier id="9A2A667B-D68E-F836-A866-5E61854C2F99" name="OFFENCE PK">
<createdBy>anmolbagati</createdBy>
<createdTime>2019-09-25 03:59:22 UTC</createdTime>
<ownerDesignName>Logical Model - Assignment 2</ownerDesignName>
<shouldEngineer>false</shouldEngineer>
<engineerTo>
<item key="0E2F11E1-DE77-2446-7463-D4D8FF261EC6" value="false"/>
</engineerTo>
<pk>true</pk>
<usedAttributes>
<attributeRef>8E4FFF15-DACC-C14E-E41F-F6D00D8DD6F5</attributeRef>
</usedAttributes>
</identifier>
</identifiers>
</Entity>