<?xml version = '1.0' encoding = 'UTF-8'?>
<Entity class="oracle.dbtools.crest.model.design.logical.Entity" directorySegmentName="seg_0" id="452C7559-DBE6-96BE-CFAD-04031EA995D1" name="DRIVER">
<createdBy>anmolbagati</createdBy>
<createdTime>2019-09-25 02:06:40 UTC</createdTime>
<ownerDesignName>Logical Model - Assignment 2</ownerDesignName>
<engineerTo>
<item key="0E2F11E1-DE77-2446-7463-D4D8FF261EC6" value="true"/>
</engineerTo>
<adequatelyNormalized>NO</adequatelyNormalized>
<expectedVolumes>0</expectedVolumes>
<fwdEngineeringStrategyName>Single Table</fwdEngineeringStrategyName>
<growthPercent>0</growthPercent>
<growthType>Year</growthType>
<maxVolumes>9999999</maxVolumes>
<minVolumes>0</minVolumes>
<normalForm>Third</normalForm>
<attributes itemClass="oracle.dbtools.crest.model.design.logical.Attribute">
<Attribute name="license_no" id="4E6EF7E7-7D60-516C-BD4F-9A09AF81A39F">
<createdBy>anmolbagati</createdBy>
<createdTime>2019-09-25 02:07:54 UTC</createdTime>
<commentInRDBMS>license identification number</commentInRDBMS>
<ownerDesignName>Logical Model - Assignment 2</ownerDesignName>
<engineerTo>
<item key="0E2F11E1-DE77-2446-7463-D4D8FF261EC6" value="true"/>
</engineerTo>
<useDomainConstraints>false</useDomainConstraints>
<use>1</use>
<logicalDatatype>LOGDT025</logicalDatatype>
<dataTypeSize>7</dataTypeSize>
<ownDataTypeParameters>7,,</ownDataTypeParameters>
</Attribute>
<Attribute name="license_status" id="326DC38D-1337-D15F-CC2C-203FDF3DC9C7">
<createdBy>anmolbagati</createdBy>
<createdTime>2019-09-25 02:09:31 UTC</createdTime>
<commentInRDBMS>license status</commentInRDBMS>
<ownerDesignName>Logical Model - Assignment 2</ownerDesignName>
<engineerTo>
<item key="0E2F11E1-DE77-2446-7463-D4D8FF261EC6" value="true"/>
</engineerTo>
<constraintName>chk_license_status</constraintName>
<useDomainConstraints>false</useDomainConstraints>
<use>1</use>
<logicalDatatype>LOGDT025</logicalDatatype>
<dataTypeSize>8</dataTypeSize>
<listOfValues>
<valueDef value="Active" description=""/>
<valueDef value="Cancelled" description=""/>
<valueDef value="Inactive" description=""/>
<valueDef value="Suspended" description=""/>
</listOfValues>
<ownDataTypeParameters>8,,</ownDataTypeParameters>
</Attribute>
<Attribute name="driver_first_name" id="EEBD1C95-C452-C665-2866-1BFFFE5BB4D7">
<createdBy>anmolbagati</createdBy>
<createdTime>2019-09-25 02:11:20 UTC</createdTime>
<commentInRDBMS>Diver&apos;s first name</commentInRDBMS>
<ownerDesignName>Logical Model - Assignment 2</ownerDesignName>
<engineerTo>
<item key="0E2F11E1-DE77-2446-7463-D4D8FF261EC6" value="true"/>
</engineerTo>
<useDomainConstraints>false</useDomainConstraints>
<use>1</use>
<logicalDatatype>LOGDT024</logicalDatatype>
<dataTypeSize>25</dataTypeSize>
<ownDataTypeParameters>25,,</ownDataTypeParameters>
</Attribute>
<Attribute name="driver_last_name" id="BC846299-2692-5BF6-E7B7-02140E5F54D4">
<createdBy>anmolbagati</createdBy>
<createdTime>2019-09-25 02:12:26 UTC</createdTime>
<commentInRDBMS>Driver&apos;s last name</commentInRDBMS>
<ownerDesignName>Logical Model - Assignment 2</ownerDesignName>
<engineerTo>
<item key="0E2F11E1-DE77-2446-7463-D4D8FF261EC6" value="true"/>
</engineerTo>
<useDomainConstraints>false</useDomainConstraints>
<use>1</use>
<logicalDatatype>LOGDT024</logicalDatatype>
<dataTypeSize>25</dataTypeSize>
<ownDataTypeParameters>25,,</ownDataTypeParameters>
</Attribute>
<Attribute name="driver_street" id="CEC0B61D-AF74-49EB-7B00-EDA336B9A99C">
<createdBy>anmolbagati</createdBy>
<createdTime>2019-09-25 02:13:14 UTC</createdTime>
<commentInRDBMS>driver&apos;s street address</commentInRDBMS>
<ownerDesignName>Logical Model - Assignment 2</ownerDesignName>
<engineerTo>
<item key="0E2F11E1-DE77-2446-7463-D4D8FF261EC6" value="true"/>
</engineerTo>
<useDomainConstraints>false</useDomainConstraints>
<use>1</use>
<logicalDatatype>LOGDT024</logicalDatatype>
<dataTypeSize>20</dataTypeSize>
<ownDataTypeParameters>20,,</ownDataTypeParameters>
</Attribute>
<Attribute name="driver_town" id="E11BB260-8E99-65DE-64D7-725FD50B8174">
<createdBy>anmolbagati</createdBy>
<createdTime>2019-09-25 02:14:07 UTC</createdTime>
<commentInRDBMS>driver&apos;s town address</commentInRDBMS>
<ownerDesignName>Logical Model - Assignment 2</ownerDesignName>
<engineerTo>
<item key="0E2F11E1-DE77-2446-7463-D4D8FF261EC6" value="true"/>
</engineerTo>
<useDomainConstraints>false</useDomainConstraints>
<use>1</use>
<logicalDatatype>LOGDT024</logicalDatatype>
<dataTypeSize>20</dataTypeSize>
<ownDataTypeParameters>20,,</ownDataTypeParameters>
</Attribute>
<Attribute name="driver_postcode" id="AF685897-699D-525F-CFDF-233E812DC2EF">
<createdBy>anmolbagati</createdBy>
<createdTime>2019-09-25 02:14:37 UTC</createdTime>
<commentInRDBMS>driver&apos;s postcode</commentInRDBMS>
<ownerDesignName>Logical Model - Assignment 2</ownerDesignName>
<engineerTo>
<item key="0E2F11E1-DE77-2446-7463-D4D8FF261EC6" value="true"/>
</engineerTo>
<useDomainConstraints>false</useDomainConstraints>
<use>1</use>
<logicalDatatype>LOGDT019</logicalDatatype>
<dataTypePrecision>4</dataTypePrecision>
<ownDataTypeParameters>,4,</ownDataTypeParameters>
</Attribute>
<Attribute name="driver_dob" id="389E2219-53E9-E17B-FB1F-60A152EFA2F3">
<createdBy>anmolbagati</createdBy>
<createdTime>2019-09-25 02:17:12 UTC</createdTime>
<commentInRDBMS>driver&apos;s date of birth</commentInRDBMS>
<ownerDesignName>Logical Model - Assignment 2</ownerDesignName>
<engineerTo>
<item key="0E2F11E1-DE77-2446-7463-D4D8FF261EC6" value="true"/>
</engineerTo>
<useDomainConstraints>false</useDomainConstraints>
<use>1</use>
<logicalDatatype>LOGDT007</logicalDatatype>
<ownDataTypeParameters>,,</ownDataTypeParameters>
</Attribute>
<Attribute name="license_expiry_date" id="14A5A575-EC3F-6E51-EFCB-09F2B6B545C3">
<createdBy>anmolbagati</createdBy>
<createdTime>2019-09-25 02:17:45 UTC</createdTime>
<commentInRDBMS>license expiry date</commentInRDBMS>
<ownerDesignName>Logical Model - Assignment 2</ownerDesignName>
<engineerTo>
<item key="0E2F11E1-DE77-2446-7463-D4D8FF261EC6" value="true"/>
</engineerTo>
<useDomainConstraints>false</useDomainConstraints>
<use>1</use>
<logicalDatatype>LOGDT007</logicalDatatype>
<ownDataTypeParameters>,,</ownDataTypeParameters>
</Attribute>
<Attribute name="total_demerit_points" id="0FFB894E-A4D0-2D31-17BA-A4C439135223">
<createdBy>anmolbagati</createdBy>
<createdTime>2019-09-26 02:25:47 UTC</createdTime>
<commentInRDBMS>total number of demerit points accumulated by the driver as of date</commentInRDBMS>
<ownerDesignName>Logical Model - Assignment 2</ownerDesignName>
<engineerTo>
<item key="0E2F11E1-DE77-2446-7463-D4D8FF261EC6" value="true"/>
</engineerTo>
<constraintName>chk_total_demerit_points</constraintName>
<nullsAllowed>true</nullsAllowed>
<useDomainConstraints>false</useDomainConstraints>
<use>1</use>
<logicalDatatype>LOGDT019</logicalDatatype>
<dataTypePrecision>2</dataTypePrecision>
<ownDataTypeParameters>,2,</ownDataTypeParameters>
<listOfRanges>
<rangeDef class="oracle.dbtools.crest.model.design.constraint.AVT">
<beginValue>0</beginValue>
<endValue>12</endValue>
</rangeDef>
</listOfRanges>
</Attribute>
<Attribute name="offence_no" id="2C29B784-BF3A-C65F-EC16-AACDBB120486">
<createdBy>anmolbagati</createdBy>
<createdTime>2019-09-25 04:47:38 UTC</createdTime>
<generatorID>25A55EA2-B8B0-9AB8-3D22-CA16F1583F6C</generatorID>
<ownerDesignName>Logical Model - Assignment 2</ownerDesignName>
<engineerTo>
<item key="0E2F11E1-DE77-2446-7463-D4D8FF261EC6" value="true"/>
</engineerTo>
<referedAttribute>8E4FFF15-DACC-C14E-E41F-F6D00D8DD6F5</referedAttribute>
<useDomainConstraints>false</useDomainConstraints>
<use>1</use>
<logicalDatatype>LOGDT024</logicalDatatype>
<dataTypeSize>20</dataTypeSize>
<ownDataTypeParameters>20,,</ownDataTypeParameters>
</Attribute>
</attributes>
<identifiers itemClass="oracle.dbtools.crest.model.design.logical.CandidateKey">
<identifier id="237FC841-5E40-A244-E5BD-A8AC700A37C0" name="DRIVER PK">
<createdBy>anmolbagati</createdBy>
<createdTime>2019-09-25 02:09:10 UTC</createdTime>
<ownerDesignName>Logical Model - Assignment 2</ownerDesignName>
<shouldEngineer>false</shouldEngineer>
<engineerTo>
<item key="0E2F11E1-DE77-2446-7463-D4D8FF261EC6" value="false"/>
</engineerTo>
<pk>true</pk>
<usedAttributes>
<attributeRef>4E6EF7E7-7D60-516C-BD4F-9A09AF81A39F</attributeRef>
</usedAttributes>
</identifier>
</identifiers>
</Entity>