<?xml version = '1.0' encoding = 'UTF-8'?>
<Entity class="oracle.dbtools.crest.model.design.logical.Entity" directorySegmentName="seg_0" id="5DE9E921-7D23-AAE3-1830-A18B562AE61A" name="VEHICLE_REGISTRATION">
<createdBy>anmolbagati</createdBy>
<createdTime>2019-09-25 02:34:27 UTC</createdTime>
<ownerDesignName>Logical Model - Assignment 2</ownerDesignName>
<engineerTo>
<item key="0E2F11E1-DE77-2446-7463-D4D8FF261EC6" value="true"/>
</engineerTo>
<adequatelyNormalized>NO</adequatelyNormalized>
<expectedVolumes>0</expectedVolumes>
<fwdEngineeringStrategyName>Single Table</fwdEngineeringStrategyName>
<growthPercent>0</growthPercent>
<growthType>Year</growthType>
<maxVolumes>9999999</maxVolumes>
<minVolumes>0</minVolumes>
<normalForm>Third</normalForm>
<attributes itemClass="oracle.dbtools.crest.model.design.logical.Attribute">
<Attribute name="vehicle_reg_date" id="EFAB170F-8A00-9C3B-2151-258F780D6D0E">
<createdBy>anmolbagati</createdBy>
<createdTime>2019-09-25 02:34:48 UTC</createdTime>
<commentInRDBMS>vehicle registration date</commentInRDBMS>
<ownerDesignName>Logical Model - Assignment 2</ownerDesignName>
<engineerTo>
<item key="0E2F11E1-DE77-2446-7463-D4D8FF261EC6" value="true"/>
</engineerTo>
<useDomainConstraints>false</useDomainConstraints>
<use>1</use>
<logicalDatatype>LOGDT007</logicalDatatype>
<ownDataTypeParameters>,,</ownDataTypeParameters>
</Attribute>
<Attribute name="vehicle_reg_no" id="410679F6-D82B-C7EE-B3C8-D52C69EDBC9A">
<createdBy>anmolbagati</createdBy>
<createdTime>2019-09-25 02:35:10 UTC</createdTime>
<commentInRDBMS>vehicle registration number</commentInRDBMS>
<ownerDesignName>Logical Model - Assignment 2</ownerDesignName>
<engineerTo>
<item key="0E2F11E1-DE77-2446-7463-D4D8FF261EC6" value="true"/>
</engineerTo>
<useDomainConstraints>false</useDomainConstraints>
<use>1</use>
<logicalDatatype>LOGDT025</logicalDatatype>
<dataTypeSize>6</dataTypeSize>
<ownDataTypeParameters>6,,</ownDataTypeParameters>
</Attribute>
<Attribute name="vehicle_dereg_date" id="EE7885A1-4E76-297D-E28D-1807C7B94036">
<createdBy>anmolbagati</createdBy>
<createdTime>2019-09-25 02:37:15 UTC</createdTime>
<commentInRDBMS>vehicle de-registration date</commentInRDBMS>
<ownerDesignName>Logical Model - Assignment 2</ownerDesignName>
<engineerTo>
<item key="0E2F11E1-DE77-2446-7463-D4D8FF261EC6" value="true"/>
</engineerTo>
<nullsAllowed>true</nullsAllowed>
<useDomainConstraints>false</useDomainConstraints>
<use>1</use>
<logicalDatatype>LOGDT007</logicalDatatype>
<ownDataTypeParameters>,,</ownDataTypeParameters>
</Attribute>
<Attribute name="vehicle_vin" id="3A1BD21F-1995-B70F-EA91-DD311AECA6D9">
<createdBy>anmolbagati</createdBy>
<createdTime>2019-09-25 04:53:14 UTC</createdTime>
<generatorID>7AD57460-FACE-B415-AE5D-4F8DAC7E3299</generatorID>
<ownerDesignName>Logical Model - Assignment 2</ownerDesignName>
<engineerTo>
<item key="0E2F11E1-DE77-2446-7463-D4D8FF261EC6" value="true"/>
</engineerTo>
<referedAttribute>DECDC0A6-B704-78C6-A28B-16C52A5D4CDE</referedAttribute>
<useDomainConstraints>false</useDomainConstraints>
<use>1</use>
<logicalDatatype>LOGDT025</logicalDatatype>
<dataTypeSize>17</dataTypeSize>
<ownDataTypeParameters>17,,</ownDataTypeParameters>
</Attribute>
</attributes>
<identifiers itemClass="oracle.dbtools.crest.model.design.logical.CandidateKey">
<identifier id="6091ECD3-C278-795A-F12A-246B809160FF" name="VEHICLE REGISTRATION PK">
<createdBy>anmolbagati</createdBy>
<createdTime>2019-09-25 02:38:03 UTC</createdTime>
<ownerDesignName>Logical Model - Assignment 2</ownerDesignName>
<shouldEngineer>false</shouldEngineer>
<engineerTo>
<item key="0E2F11E1-DE77-2446-7463-D4D8FF261EC6" value="false"/>
</engineerTo>
<pk>true</pk>
<usedAttributes>
<attributeRef>EFAB170F-8A00-9C3B-2151-258F780D6D0E</attributeRef>
<attributeRef>3A1BD21F-1995-B70F-EA91-DD311AECA6D9</attributeRef>
</usedAttributes>
</identifier>
</identifiers>
</Entity>