<?xml version = '1.0' encoding = 'UTF-8'?>
<Entity class="oracle.dbtools.crest.model.design.logical.Entity" directorySegmentName="seg_0" id="8B38727B-5E1A-7379-DDD7-C4E0DAD736EB" name="MODEL">
<createdBy>anmolbagati</createdBy>
<createdTime>2019-09-25 02:38:14 UTC</createdTime>
<ownerDesignName>Logical Model - Assignment 2</ownerDesignName>
<engineerTo>
<item key="0E2F11E1-DE77-2446-7463-D4D8FF261EC6" value="true"/>
</engineerTo>
<adequatelyNormalized>NO</adequatelyNormalized>
<expectedVolumes>0</expectedVolumes>
<fwdEngineeringStrategyName>Single Table</fwdEngineeringStrategyName>
<growthPercent>0</growthPercent>
<growthType>Year</growthType>
<maxVolumes>9999999</maxVolumes>
<minVolumes>0</minVolumes>
<normalForm>Third</normalForm>
<attributes itemClass="oracle.dbtools.crest.model.design.logical.Attribute">
<Attribute name="vehicle_model" id="C103EB2D-AE99-046D-2FE8-B9AB1B7F9861">
<createdBy>anmolbagati</createdBy>
<createdTime>2019-09-25 02:38:25 UTC</createdTime>
<comment>model of the vehicle</comment>
<commentInRDBMS>vehicle model name</commentInRDBMS>
<ownerDesignName>Logical Model - Assignment 2</ownerDesignName>
<engineerTo>
<item key="0E2F11E1-DE77-2446-7463-D4D8FF261EC6" value="true"/>
</engineerTo>
<useDomainConstraints>false</useDomainConstraints>
<use>1</use>
<logicalDatatype>LOGDT024</logicalDatatype>
<dataTypeSize>50</dataTypeSize>
<ownDataTypeParameters>50,,</ownDataTypeParameters>
</Attribute>
<Attribute name="transmission_type" id="D46A49BF-6B8A-DD01-4455-25B0D27060F1">
<createdBy>anmolbagati</createdBy>
<createdTime>2019-09-25 02:39:45 UTC</createdTime>
<comment>transmission gear type</comment>
<commentInRDBMS>transmission type (manual or automatic)</commentInRDBMS>
<ownerDesignName>Logical Model - Assignment 2</ownerDesignName>
<engineerTo>
<item key="0E2F11E1-DE77-2446-7463-D4D8FF261EC6" value="true"/>
</engineerTo>
<constraintName>chk_transmission_type</constraintName>
<useDomainConstraints>false</useDomainConstraints>
<use>1</use>
<logicalDatatype>LOGDT024</logicalDatatype>
<dataTypeSize>10</dataTypeSize>
<listOfValues>
<valueDef value="Automatic" description="automatic gear"/>
<valueDef value="Manual" description="manual gear"/>
</listOfValues>
<ownDataTypeParameters>10,,</ownDataTypeParameters>
</Attribute>
<Attribute name="engine_size" id="1D427FD7-98B1-D455-4511-775E6194525A">
<createdBy>anmolbagati</createdBy>
<createdTime>2019-09-25 02:42:03 UTC</createdTime>
<comment>size of engine in litres</comment>
<commentInRDBMS>engine size litre</commentInRDBMS>
<ownerDesignName>Logical Model - Assignment 2</ownerDesignName>
<engineerTo>
<item key="0E2F11E1-DE77-2446-7463-D4D8FF261EC6" value="true"/>
</engineerTo>
<useDomainConstraints>false</useDomainConstraints>
<use>1</use>
<logicalDatatype>LOGDT019</logicalDatatype>
<dataTypePrecision>2</dataTypePrecision>
<dataTypeScale>1</dataTypeScale>
<ownDataTypeParameters>,2,1</ownDataTypeParameters>
</Attribute>
<Attribute name="gr_clearance_laden" id="37C869B3-6151-9833-2D94-D085CA4C198E">
<createdBy>anmolbagati</createdBy>
<createdTime>2019-09-25 02:44:23 UTC</createdTime>
<comment>ground clearance laden</comment>
<commentInRDBMS>laden ground clearance</commentInRDBMS>
<ownerDesignName>Logical Model - Assignment 2</ownerDesignName>
<engineerTo>
<item key="0E2F11E1-DE77-2446-7463-D4D8FF261EC6" value="true"/>
</engineerTo>
<useDomainConstraints>false</useDomainConstraints>
<use>1</use>
<logicalDatatype>LOGDT019</logicalDatatype>
<dataTypePrecision>3</dataTypePrecision>
<ownDataTypeParameters>,3,</ownDataTypeParameters>
</Attribute>
<Attribute name="gr_clearance_unladen" id="91A56D2E-7340-1F7F-A42F-47B89FC365D0">
<createdBy>anmolbagati</createdBy>
<createdTime>2019-09-25 02:45:34 UTC</createdTime>
<comment>ground clearance unladen</comment>
<commentInRDBMS>unladen ground clearance</commentInRDBMS>
<ownerDesignName>Logical Model - Assignment 2</ownerDesignName>
<engineerTo>
<item key="0E2F11E1-DE77-2446-7463-D4D8FF261EC6" value="true"/>
</engineerTo>
<useDomainConstraints>false</useDomainConstraints>
<use>1</use>
<logicalDatatype>LOGDT019</logicalDatatype>
<dataTypePrecision>3</dataTypePrecision>
<ownDataTypeParameters>,3,</ownDataTypeParameters>
</Attribute>
<Attribute name="manufacturer_code" id="21D4CAC5-26FC-0698-CD49-FE053977B3EB">
<createdBy>anmolbagati</createdBy>
<createdTime>2019-09-25 05:05:10 UTC</createdTime>
<generatorID>A96A7B77-D0DD-4E2D-B288-619567EB3F56</generatorID>
<ownerDesignName>Logical Model - Assignment 2</ownerDesignName>
<engineerTo>
<item key="0E2F11E1-DE77-2446-7463-D4D8FF261EC6" value="true"/>
</engineerTo>
<referedAttribute>B5B4FDFC-AD30-8830-0134-568F2159F499</referedAttribute>
<useDomainConstraints>false</useDomainConstraints>
<use>1</use>
<logicalDatatype>LOGDT025</logicalDatatype>
<dataTypeSize>2</dataTypeSize>
<ownDataTypeParameters>2,,</ownDataTypeParameters>
</Attribute>
</attributes>
<identifiers itemClass="oracle.dbtools.crest.model.design.logical.CandidateKey">
<identifier id="0C09D0CC-964D-F182-5353-BFF2DE3CD828" name="MODEL PK">
<createdBy>anmolbagati</createdBy>
<createdTime>2019-09-25 02:39:38 UTC</createdTime>
<ownerDesignName>Logical Model - Assignment 2</ownerDesignName>
<shouldEngineer>false</shouldEngineer>
<engineerTo>
<item key="0E2F11E1-DE77-2446-7463-D4D8FF261EC6" value="false"/>
</engineerTo>
<pk>true</pk>
<usedAttributes>
<attributeRef>C103EB2D-AE99-046D-2FE8-B9AB1B7F9861</attributeRef>
</usedAttributes>
</identifier>
</identifiers>
</Entity>