<?xml version = '1.0' encoding = 'UTF-8'?>
<Entity class="oracle.dbtools.crest.model.design.logical.Entity" directorySegmentName="seg_0" id="8D9A3A3F-4E0F-AB9B-4031-CBB628D2F3F9" name="DEMERIT">
<createdBy>anmolbagati</createdBy>
<createdTime>2019-09-25 04:10:09 UTC</createdTime>
<ownerDesignName>Logical Model - Assignment 2</ownerDesignName>
<engineerTo>
<item key="0E2F11E1-DE77-2446-7463-D4D8FF261EC6" value="true"/>
</engineerTo>
<adequatelyNormalized>NO</adequatelyNormalized>
<expectedVolumes>0</expectedVolumes>
<fwdEngineeringStrategyName>Single Table</fwdEngineeringStrategyName>
<growthPercent>0</growthPercent>
<growthType>Year</growthType>
<maxVolumes>9999999</maxVolumes>
<minVolumes>0</minVolumes>
<normalForm>Third</normalForm>
<attributes itemClass="oracle.dbtools.crest.model.design.logical.Attribute">
<Attribute name="demerit_code" id="993C7A28-03BE-5F9E-5E01-8EDC0752FA8C">
<createdBy>anmolbagati</createdBy>
<createdTime>2019-09-25 04:10:20 UTC</createdTime>
<commentInRDBMS>demerit code</commentInRDBMS>
<ownerDesignName>Logical Model - Assignment 2</ownerDesignName>
<engineerTo>
<item key="0E2F11E1-DE77-2446-7463-D4D8FF261EC6" value="true"/>
</engineerTo>
<useDomainConstraints>false</useDomainConstraints>
<use>1</use>
<logicalDatatype>LOGDT024</logicalDatatype>
<dataTypeSize>20</dataTypeSize>
<ownDataTypeParameters>20,,</ownDataTypeParameters>
</Attribute>
<Attribute name="demerit_description" id="33E31F6C-6443-8D52-2713-329007242A2E">
<createdBy>anmolbagati</createdBy>
<createdTime>2019-09-25 04:11:13 UTC</createdTime>
<commentInRDBMS>Description of demerit</commentInRDBMS>
<ownerDesignName>Logical Model - Assignment 2</ownerDesignName>
<engineerTo>
<item key="0E2F11E1-DE77-2446-7463-D4D8FF261EC6" value="true"/>
</engineerTo>
<useDomainConstraints>false</useDomainConstraints>
<use>1</use>
<logicalDatatype>LOGDT024</logicalDatatype>
<dataTypeSize>75</dataTypeSize>
<ownDataTypeParameters>75,,</ownDataTypeParameters>
</Attribute>
<Attribute name="demerit_points" id="A20FD489-4A56-CD3F-6040-0FC9B210F7CD">
<createdBy>anmolbagati</createdBy>
<createdTime>2019-09-25 04:12:40 UTC</createdTime>
<commentInRDBMS>demerit points</commentInRDBMS>
<ownerDesignName>Logical Model - Assignment 2</ownerDesignName>
<engineerTo>
<item key="0E2F11E1-DE77-2446-7463-D4D8FF261EC6" value="true"/>
</engineerTo>
<nullsAllowed>true</nullsAllowed>
<useDomainConstraints>false</useDomainConstraints>
<use>1</use>
<logicalDatatype>LOGDT019</logicalDatatype>
<dataTypePrecision>2</dataTypePrecision>
<ownDataTypeParameters>,2,</ownDataTypeParameters>
</Attribute>
<Attribute name="cancellation_trigger" id="8896BF3A-30F3-238F-05D2-F11DBCFB918A">
<createdBy>anmolbagati</createdBy>
<createdTime>2019-09-25 16:48:19 UTC</createdTime>
<commentInRDBMS>triggers cancellation during serious offences</commentInRDBMS>
<ownerDesignName>Logical Model - Assignment 2</ownerDesignName>
<engineerTo>
<item key="0E2F11E1-DE77-2446-7463-D4D8FF261EC6" value="true"/>
</engineerTo>
<constraintName>chk_cancellation_trigger</constraintName>
<useDomainConstraints>false</useDomainConstraints>
<use>1</use>
<logicalDatatype>LOGDT025</logicalDatatype>
<dataTypeSize>5</dataTypeSize>
<listOfValues>
<valueDef value="FALSE" description=""/>
<valueDef value="TRUE" description=""/>
</listOfValues>
<ownDataTypeParameters>5,,</ownDataTypeParameters>
</Attribute>
<Attribute name="cancellation_period" id="0329A3C8-A092-22F3-80C0-E5707AB01D62">
<createdBy>anmolbagati</createdBy>
<createdTime>2019-09-26 04:40:13 UTC</createdTime>
<commentInRDBMS>period for which license wil be cancelled in months</commentInRDBMS>
<ownerDesignName>Logical Model - Assignment 2</ownerDesignName>
<engineerTo>
<item key="0E2F11E1-DE77-2446-7463-D4D8FF261EC6" value="true"/>
</engineerTo>
<nullsAllowed>true</nullsAllowed>
<useDomainConstraints>false</useDomainConstraints>
<use>1</use>
<logicalDatatype>LOGDT019</logicalDatatype>
<dataTypePrecision>2</dataTypePrecision>
<ownDataTypeParameters>,2,</ownDataTypeParameters>
</Attribute>
</attributes>
<identifiers itemClass="oracle.dbtools.crest.model.design.logical.CandidateKey">
<identifier id="2AE8D20C-6C43-CD4A-BB0A-E78E5A3AC133" name="DEMERIT PK">
<createdBy>anmolbagati</createdBy>
<createdTime>2019-09-25 04:11:02 UTC</createdTime>
<ownerDesignName>Logical Model - Assignment 2</ownerDesignName>
<shouldEngineer>false</shouldEngineer>
<engineerTo>
<item key="0E2F11E1-DE77-2446-7463-D4D8FF261EC6" value="false"/>
</engineerTo>
<pk>true</pk>
<usedAttributes>
<attributeRef>993C7A28-03BE-5F9E-5E01-8EDC0752FA8C</attributeRef>
</usedAttributes>
</identifier>
</identifiers>
</Entity>