<?xml version = '1.0' encoding = 'UTF-8'?>
<Entity class="oracle.dbtools.crest.model.design.logical.Entity" directorySegmentName="seg_0" id="A662B28C-D400-8F60-401A-4A942B991C71" name="MANUFACTURER">
<createdBy>anmolbagati</createdBy>
<createdTime>2019-09-25 02:47:45 UTC</createdTime>
<ownerDesignName>Logical Model - Assignment 2</ownerDesignName>
<engineerTo>
<item key="0E2F11E1-DE77-2446-7463-D4D8FF261EC6" value="true"/>
</engineerTo>
<adequatelyNormalized>NO</adequatelyNormalized>
<expectedVolumes>0</expectedVolumes>
<fwdEngineeringStrategyName>Single Table</fwdEngineeringStrategyName>
<growthPercent>0</growthPercent>
<growthType>Year</growthType>
<maxVolumes>9999999</maxVolumes>
<minVolumes>0</minVolumes>
<normalForm>Third</normalForm>
<attributes itemClass="oracle.dbtools.crest.model.design.logical.Attribute">
<Attribute name="manufacturer_code" id="B5B4FDFC-AD30-8830-0134-568F2159F499">
<createdBy>anmolbagati</createdBy>
<createdTime>2019-09-25 02:47:57 UTC</createdTime>
<comment>manufacturere code</comment>
<commentInRDBMS>manufacturer code</commentInRDBMS>
<ownerDesignName>Logical Model - Assignment 2</ownerDesignName>
<engineerTo>
<item key="0E2F11E1-DE77-2446-7463-D4D8FF261EC6" value="true"/>
</engineerTo>
<useDomainConstraints>false</useDomainConstraints>
<use>1</use>
<logicalDatatype>LOGDT025</logicalDatatype>
<dataTypeSize>2</dataTypeSize>
<ownDataTypeParameters>2,,</ownDataTypeParameters>
</Attribute>
<Attribute name="manufacturer_name" id="4F906C15-3DFD-A618-93BD-E3574CE13AF5">
<createdBy>anmolbagati</createdBy>
<createdTime>2019-09-25 02:48:18 UTC</createdTime>
<commentInRDBMS>manufacturer name</commentInRDBMS>
<ownerDesignName>Logical Model - Assignment 2</ownerDesignName>
<engineerTo>
<item key="0E2F11E1-DE77-2446-7463-D4D8FF261EC6" value="true"/>
</engineerTo>
<useDomainConstraints>false</useDomainConstraints>
<use>1</use>
<logicalDatatype>LOGDT024</logicalDatatype>
<dataTypeSize>20</dataTypeSize>
<ownDataTypeParameters>20,,</ownDataTypeParameters>
</Attribute>
<Attribute name="manufacturer_country_code" id="1929F939-38DA-B0BE-D1C4-72DE7CDAE234">
<createdBy>anmolbagati</createdBy>
<createdTime>2019-09-25 05:07:23 UTC</createdTime>
<generatorID>1091198B-093B-17B1-D991-46324DB76637</generatorID>
<ownerDesignName>Logical Model - Assignment 2</ownerDesignName>
<engineerTo>
<item key="0E2F11E1-DE77-2446-7463-D4D8FF261EC6" value="true"/>
</engineerTo>
<referedAttribute>1F82027F-8BEA-B570-32E5-4EA47C3965A3</referedAttribute>
<useDomainConstraints>false</useDomainConstraints>
<use>1</use>
<logicalDatatype>LOGDT025</logicalDatatype>
<dataTypeSize>3</dataTypeSize>
<ownDataTypeParameters>3,,</ownDataTypeParameters>
</Attribute>
</attributes>
<identifiers itemClass="oracle.dbtools.crest.model.design.logical.CandidateKey">
<identifier id="6A25EAD0-9D6C-AF41-DF1F-D248BD69022B" name="MANUFACTURER PK">
<createdBy>anmolbagati</createdBy>
<createdTime>2019-09-25 02:48:10 UTC</createdTime>
<ownerDesignName>Logical Model - Assignment 2</ownerDesignName>
<shouldEngineer>false</shouldEngineer>
<engineerTo>
<item key="0E2F11E1-DE77-2446-7463-D4D8FF261EC6" value="false"/>
</engineerTo>
<pk>true</pk>
<usedAttributes>
<attributeRef>B5B4FDFC-AD30-8830-0134-568F2159F499</attributeRef>
</usedAttributes>
</identifier>
</identifiers>
</Entity>