<?xml version = '1.0' encoding = 'UTF-8'?>
<Entity class="oracle.dbtools.crest.model.design.logical.Entity" directorySegmentName="seg_0" id="CCD2E1AA-2B11-4A5C-3E15-49EF4FBB4F73" name="LICENSE_TYPE">
<createdBy>anmolbagati</createdBy>
<createdTime>2019-09-25 04:51:34 UTC</createdTime>
<ownerDesignName>Logical Model - Assignment 2</ownerDesignName>
<engineerTo>
<item key="0E2F11E1-DE77-2446-7463-D4D8FF261EC6" value="true"/>
</engineerTo>
<adequatelyNormalized>NO</adequatelyNormalized>
<expectedVolumes>0</expectedVolumes>
<fwdEngineeringStrategyName>Single Table</fwdEngineeringStrategyName>
<growthPercent>0</growthPercent>
<growthType>Year</growthType>
<maxVolumes>9999999</maxVolumes>
<minVolumes>0</minVolumes>
<normalForm>Third</normalForm>
<attributes itemClass="oracle.dbtools.crest.model.design.logical.Attribute">
<Attribute name="type_id" id="92E9EA88-CFFA-481D-368C-718906B6BB44">
<createdBy>anmolbagati</createdBy>
<createdTime>2019-09-25 16:43:05 UTC</createdTime>
<generatorID>40B41BC8-EE27-D660-AA3C-24318D6B171F</generatorID>
<ownerDesignName>Logical Model - Assignment 2</ownerDesignName>
<engineerTo>
<item key="0E2F11E1-DE77-2446-7463-D4D8FF261EC6" value="true"/>
</engineerTo>
<referedAttribute>9E211665-1D04-CEEA-17A5-142E7A542C86</referedAttribute>
<useDomainConstraints>false</useDomainConstraints>
<use>1</use>
<logicalDatatype>LOGDT025</logicalDatatype>
<dataTypeSize>4</dataTypeSize>
<ownDataTypeParameters>4,,</ownDataTypeParameters>
</Attribute>
<Attribute name="license_no" id="3C85B8FB-ADAB-3F8A-6523-2EAB88D30798">
<createdBy>anmolbagati</createdBy>
<createdTime>2019-09-25 16:44:04 UTC</createdTime>
<generatorID>371B2427-7CC2-8AA1-DDF0-53E0D77D23AB</generatorID>
<ownerDesignName>Logical Model - Assignment 2</ownerDesignName>
<engineerTo>
<item key="0E2F11E1-DE77-2446-7463-D4D8FF261EC6" value="true"/>
</engineerTo>
<referedAttribute>4E6EF7E7-7D60-516C-BD4F-9A09AF81A39F</referedAttribute>
<useDomainConstraints>false</useDomainConstraints>
<use>1</use>
<logicalDatatype>LOGDT025</logicalDatatype>
<dataTypeSize>7</dataTypeSize>
<ownDataTypeParameters>7,,</ownDataTypeParameters>
</Attribute>
</attributes>
<identifiers itemClass="oracle.dbtools.crest.model.design.logical.CandidateKey">
<identifier id="0636493B-ACE7-B44D-2246-C99300D997BE" name="LICENSE TYPE PK">
<createdBy>anmolbagati</createdBy>
<createdTime>2019-09-25 16:43:05 UTC</createdTime>
<ownerDesignName>Logical Model - Assignment 2</ownerDesignName>
<shouldEngineer>false</shouldEngineer>
<engineerTo>
<item key="0E2F11E1-DE77-2446-7463-D4D8FF261EC6" value="false"/>
</engineerTo>
<pk>true</pk>
<usedAttributes>
<attributeRef>92E9EA88-CFFA-481D-368C-718906B6BB44</attributeRef>
<attributeRef>3C85B8FB-ADAB-3F8A-6523-2EAB88D30798</attributeRef>
</usedAttributes>
</identifier>
</identifiers>
</Entity>