<?xml version = '1.0' encoding = 'UTF-8'?>
<Entity class="oracle.dbtools.crest.model.design.logical.Entity" directorySegmentName="seg_0" id="E3E865A3-818A-011F-67F3-73A9D4458AF9" name="VEHICLE">
<createdBy>anmolbagati</createdBy>
<createdTime>2019-09-25 02:26:32 UTC</createdTime>
<ownerDesignName>Logical Model - Assignment 2</ownerDesignName>
<engineerTo>
<item key="0E2F11E1-DE77-2446-7463-D4D8FF261EC6" value="true"/>
</engineerTo>
<adequatelyNormalized>NO</adequatelyNormalized>
<expectedVolumes>0</expectedVolumes>
<fwdEngineeringStrategyName>Single Table</fwdEngineeringStrategyName>
<growthPercent>0</growthPercent>
<growthType>Year</growthType>
<maxVolumes>9999999</maxVolumes>
<minVolumes>0</minVolumes>
<normalForm>Third</normalForm>
<attributes itemClass="oracle.dbtools.crest.model.design.logical.Attribute">
<Attribute name="vehicle_vin" id="DECDC0A6-B704-78C6-A28B-16C52A5D4CDE">
<createdBy>anmolbagati</createdBy>
<createdTime>2019-09-25 02:26:44 UTC</createdTime>
<commentInRDBMS>vehicle identification number</commentInRDBMS>
<ownerDesignName>Logical Model - Assignment 2</ownerDesignName>
<engineerTo>
<item key="0E2F11E1-DE77-2446-7463-D4D8FF261EC6" value="true"/>
</engineerTo>
<useDomainConstraints>false</useDomainConstraints>
<use>1</use>
<logicalDatatype>LOGDT025</logicalDatatype>
<dataTypeSize>17</dataTypeSize>
<ownDataTypeParameters>17,,</ownDataTypeParameters>
</Attribute>
<Attribute name="vehicle_manfacture_year" id="A61B0A04-F685-32BF-3566-D95B2D56896A">
<createdBy>anmolbagati</createdBy>
<createdTime>2019-09-25 02:32:04 UTC</createdTime>
<commentInRDBMS>vehicle manufacture year</commentInRDBMS>
<ownerDesignName>Logical Model - Assignment 2</ownerDesignName>
<engineerTo>
<item key="0E2F11E1-DE77-2446-7463-D4D8FF261EC6" value="true"/>
</engineerTo>
<useDomainConstraints>false</useDomainConstraints>
<use>1</use>
<logicalDatatype>LOGDT019</logicalDatatype>
<dataTypePrecision>4</dataTypePrecision>
<ownDataTypeParameters>,4,</ownDataTypeParameters>
</Attribute>
<Attribute name="vehicle_colour" id="8A0CA0B1-078F-7D56-4538-D7CECAA4DF48">
<createdBy>anmolbagati</createdBy>
<createdTime>2019-09-25 02:33:28 UTC</createdTime>
<commentInRDBMS>colour of the vehicle</commentInRDBMS>
<ownerDesignName>Logical Model - Assignment 2</ownerDesignName>
<engineerTo>
<item key="0E2F11E1-DE77-2446-7463-D4D8FF261EC6" value="true"/>
</engineerTo>
<useDomainConstraints>false</useDomainConstraints>
<use>1</use>
<logicalDatatype>LOGDT024</logicalDatatype>
<dataTypeSize>15</dataTypeSize>
<ownDataTypeParameters>15,,</ownDataTypeParameters>
</Attribute>
<Attribute name="vehicle_model" id="B744296E-008B-6070-9541-024F78FEFCE2">
<createdBy>anmolbagati</createdBy>
<createdTime>2019-09-25 04:58:25 UTC</createdTime>
<generatorID>833461E3-8E34-9AB1-FD51-24C02922896A</generatorID>
<ownerDesignName>Logical Model - Assignment 2</ownerDesignName>
<engineerTo>
<item key="0E2F11E1-DE77-2446-7463-D4D8FF261EC6" value="true"/>
</engineerTo>
<referedAttribute>C103EB2D-AE99-046D-2FE8-B9AB1B7F9861</referedAttribute>
<useDomainConstraints>false</useDomainConstraints>
<use>1</use>
<logicalDatatype>LOGDT024</logicalDatatype>
<dataTypeSize>50</dataTypeSize>
<ownDataTypeParameters>50,,</ownDataTypeParameters>
</Attribute>
<Attribute name="type_id" id="879AE162-9185-7B71-D97E-78F234DC8FC2">
<createdBy>anmolbagati</createdBy>
<createdTime>2019-09-26 02:23:29 UTC</createdTime>
<generatorID>2B8DDF64-9BBB-28C3-3681-7B95ABB68A85</generatorID>
<ownerDesignName>Logical Model - Assignment 2</ownerDesignName>
<engineerTo>
<item key="0E2F11E1-DE77-2446-7463-D4D8FF261EC6" value="true"/>
</engineerTo>
<referedAttribute>9E211665-1D04-CEEA-17A5-142E7A542C86</referedAttribute>
<useDomainConstraints>false</useDomainConstraints>
<use>1</use>
<logicalDatatype>LOGDT025</logicalDatatype>
<dataTypeSize>4</dataTypeSize>
<ownDataTypeParameters>4,,</ownDataTypeParameters>
</Attribute>
</attributes>
<identifiers itemClass="oracle.dbtools.crest.model.design.logical.CandidateKey">
<identifier id="0AA45FBE-7E39-D2A9-A755-5A1967C9D4F0" name="VEHICLE PK">
<createdBy>anmolbagati</createdBy>
<createdTime>2019-09-25 02:27:52 UTC</createdTime>
<ownerDesignName>Logical Model - Assignment 2</ownerDesignName>
<shouldEngineer>false</shouldEngineer>
<engineerTo>
<item key="0E2F11E1-DE77-2446-7463-D4D8FF261EC6" value="false"/>
</engineerTo>
<pk>true</pk>
<usedAttributes>
<attributeRef>DECDC0A6-B704-78C6-A28B-16C52A5D4CDE</attributeRef>
</usedAttributes>
</identifier>
</identifiers>
</Entity>