<?xml version = '1.0' encoding = 'UTF-8'?>
<Entity class="oracle.dbtools.crest.model.design.logical.Entity" directorySegmentName="seg_0" id="EB40F185-0933-0B2A-449F-60BB8419CACA" name="ENGINE_TYPE">
<createdBy>anmolbagati</createdBy>
<createdTime>2019-09-25 02:46:16 UTC</createdTime>
<ownerDesignName>Logical Model - Assignment 2</ownerDesignName>
<engineerTo>
<item key="0E2F11E1-DE77-2446-7463-D4D8FF261EC6" value="true"/>
</engineerTo>
<adequatelyNormalized>NO</adequatelyNormalized>
<expectedVolumes>0</expectedVolumes>
<fwdEngineeringStrategyName>Single Table</fwdEngineeringStrategyName>
<growthPercent>0</growthPercent>
<growthType>Year</growthType>
<maxVolumes>9999999</maxVolumes>
<minVolumes>0</minVolumes>
<normalForm>Third</normalForm>
<attributes itemClass="oracle.dbtools.crest.model.design.logical.Attribute">
<Attribute name="engine_type" id="94E4917E-926B-08D4-4070-F43D96416A2B">
<createdBy>anmolbagati</createdBy>
<createdTime>2019-09-25 02:46:22 UTC</createdTime>
<commentInRDBMS>engine type</commentInRDBMS>
<ownerDesignName>Logical Model - Assignment 2</ownerDesignName>
<engineerTo>
<item key="0E2F11E1-DE77-2446-7463-D4D8FF261EC6" value="true"/>
</engineerTo>
<constraintName>chk_engine_type</constraintName>
<useDomainConstraints>false</useDomainConstraints>
<use>1</use>
<logicalDatatype>LOGDT025</logicalDatatype>
<dataTypeSize>8</dataTypeSize>
<listOfValues>
<valueDef value="Deisel" description="deisel engine"/>
<valueDef value="Electric" description="electric engine"/>
<valueDef value="Gas" description="gas engine "/>
<valueDef value="Petrol" description="petrol engine"/>
</listOfValues>
<ownDataTypeParameters>8,,</ownDataTypeParameters>
</Attribute>
<Attribute name="vehicle_model" id="881EBF7F-7A2A-36C4-24AA-9008586E3B26">
<createdBy>anmolbagati</createdBy>
<createdTime>2019-09-25 05:53:08 UTC</createdTime>
<comment>model of the vehicle</comment>
<generatorID>FB12C2DC-7469-1048-CB21-225CA78628AF</generatorID>
<ownerDesignName>Logical Model - Assignment 2</ownerDesignName>
<engineerTo>
<item key="0E2F11E1-DE77-2446-7463-D4D8FF261EC6" value="true"/>
</engineerTo>
<referedAttribute>C103EB2D-AE99-046D-2FE8-B9AB1B7F9861</referedAttribute>
<useDomainConstraints>false</useDomainConstraints>
<use>1</use>
<logicalDatatype>LOGDT024</logicalDatatype>
<dataTypeSize>50</dataTypeSize>
<ownDataTypeParameters>50,,</ownDataTypeParameters>
</Attribute>
</attributes>
<identifiers itemClass="oracle.dbtools.crest.model.design.logical.CandidateKey">
<identifier id="AD5A8C30-32AB-ED45-F33A-B4AAE9F427E1" name="ENGINE PK">
<createdBy>anmolbagati</createdBy>
<createdTime>2019-09-25 02:47:36 UTC</createdTime>
<ownerDesignName>Logical Model - Assignment 2</ownerDesignName>
<shouldEngineer>false</shouldEngineer>
<engineerTo>
<item key="0E2F11E1-DE77-2446-7463-D4D8FF261EC6" value="false"/>
</engineerTo>
<pk>true</pk>
<usedAttributes>
<attributeRef>94E4917E-926B-08D4-4070-F43D96416A2B</attributeRef>
<attributeRef>881EBF7F-7A2A-36C4-24AA-9008586E3B26</attributeRef>
</usedAttributes>
</identifier>
</identifiers>
</Entity>