<?xml version = '1.0' encoding = 'UTF-8'?>
<Table class="oracle.dbtools.crest.model.design.relational.Table" directorySegmentName="seg_0" id="18077045-F4FE-2352-BD41-66CDB0FD474E" name="MODEL">
<createdBy>anmolbagati</createdBy>
<createdTime>2019-09-26 04:55:16 UTC</createdTime>
<generatorID>8B38727B-5E1A-7379-DDD7-C4E0DAD736EB</generatorID>
<ownerDesignName>Logical Model - Assignment 2</ownerDesignName>
<allowColumnReorder>false</allowColumnReorder>
<existDependencyGenerateInDDl>true</existDependencyGenerateInDDl>
<parsed>true</parsed>
<columns itemClass="oracle.dbtools.crest.model.design.relational.Column">
<Column name="vehicle_model" id="AE553208-DBAC-8412-0823-766537D17BB4">
<createdBy>anmolbagati</createdBy>
<createdTime>2019-09-26 04:55:16 UTC</createdTime>
<comment>model of the vehicle</comment>
<commentInRDBMS>vehicle model name</commentInRDBMS>
<generatorID>C103EB2D-AE99-046D-2FE8-B9AB1B7F9861</generatorID>
<ownerDesignName>Logical Model - Assignment 2</ownerDesignName>
<useDomainConstraints>false</useDomainConstraints>
<use>1</use>
<logicalDatatype>LOGDT024</logicalDatatype>
<dataTypeSize>50</dataTypeSize>
<ownDataTypeParameters>50,,</ownDataTypeParameters>
<autoIncrementCycle>false</autoIncrementCycle>
</Column>
<Column name="transmission_type" id="FCAD7078-89F6-9BD1-BEEC-900A7CE0A01A">
<createdBy>anmolbagati</createdBy>
<createdTime>2019-09-26 04:55:16 UTC</createdTime>
<comment>transmission gear type</comment>
<commentInRDBMS>transmission type (manual or automatic)</commentInRDBMS>
<generatorID>D46A49BF-6B8A-DD01-4455-25B0D27060F1</generatorID>
<ownerDesignName>Logical Model - Assignment 2</ownerDesignName>
<constraintName>chk_transmission_type</constraintName>
<useDomainConstraints>false</useDomainConstraints>
<use>1</use>
<logicalDatatype>LOGDT024</logicalDatatype>
<dataTypeSize>10</dataTypeSize>
<listOfValues>
<valueDef value="Automatic" description="automatic gear"/>
<valueDef value="Manual" description="manual gear"/>
</listOfValues>
<ownDataTypeParameters>10,,</ownDataTypeParameters>
<autoIncrementCycle>false</autoIncrementCycle>
</Column>
<Column name="engine_size" id="EDE5B95F-7FA5-D53E-603B-9A6392F76CC7">
<createdBy>anmolbagati</createdBy>
<createdTime>2019-09-26 04:55:16 UTC</createdTime>
<comment>size of engine in litres</comment>
<commentInRDBMS>engine size litre</commentInRDBMS>
<generatorID>1D427FD7-98B1-D455-4511-775E6194525A</generatorID>
<ownerDesignName>Logical Model - Assignment 2</ownerDesignName>
<useDomainConstraints>false</useDomainConstraints>
<use>1</use>
<logicalDatatype>LOGDT019</logicalDatatype>
<dataTypePrecision>2</dataTypePrecision>
<dataTypeScale>1</dataTypeScale>
<ownDataTypeParameters>,2,1</ownDataTypeParameters>
<autoIncrementCycle>false</autoIncrementCycle>
</Column>
<Column name="gr_clearance_laden" id="C900C72A-DE3E-D9BE-DC21-00E975BFF01C">
<createdBy>anmolbagati</createdBy>
<createdTime>2019-09-26 04:55:16 UTC</createdTime>
<comment>ground clearance laden</comment>
<commentInRDBMS>laden ground clearance</commentInRDBMS>
<generatorID>37C869B3-6151-9833-2D94-D085CA4C198E</generatorID>
<ownerDesignName>Logical Model - Assignment 2</ownerDesignName>
<useDomainConstraints>false</useDomainConstraints>
<use>1</use>
<logicalDatatype>LOGDT019</logicalDatatype>
<dataTypePrecision>3</dataTypePrecision>
<ownDataTypeParameters>,3,</ownDataTypeParameters>
<autoIncrementCycle>false</autoIncrementCycle>
</Column>
<Column name="gr_clearance_unladen" id="7ED3B538-70B8-91F2-E476-7059F9D43843">
<createdBy>anmolbagati</createdBy>
<createdTime>2019-09-26 04:55:16 UTC</createdTime>
<comment>ground clearance unladen</comment>
<commentInRDBMS>unladen ground clearance</commentInRDBMS>
<generatorID>91A56D2E-7340-1F7F-A42F-47B89FC365D0</generatorID>
<ownerDesignName>Logical Model - Assignment 2</ownerDesignName>
<useDomainConstraints>false</useDomainConstraints>
<use>1</use>
<logicalDatatype>LOGDT019</logicalDatatype>
<dataTypePrecision>3</dataTypePrecision>
<ownDataTypeParameters>,3,</ownDataTypeParameters>
<autoIncrementCycle>false</autoIncrementCycle>
</Column>
<Column name="manufacturer_code" id="16B15F20-5B1D-0B6E-C56E-537B1C91BBDB">
<createdBy>anmolbagati</createdBy>
<createdTime>2019-09-26 04:55:16 UTC</createdTime>
<generatorID>21D4CAC5-26FC-0698-CD49-FE053977B3EB</generatorID>
<ownerDesignName>Logical Model - Assignment 2</ownerDesignName>
<useDomainConstraints>false</useDomainConstraints>
<use>1</use>
<logicalDatatype>LOGDT025</logicalDatatype>
<dataTypeSize>2</dataTypeSize>
<ownDataTypeParameters>,,</ownDataTypeParameters>
<previousColumn>false</previousColumn>
<autoIncrementCycle>false</autoIncrementCycle>
<associations>
<colAssociation fkAssociation="AA5776E0-35EB-399A-CEAD-90442E0E5DC4" referredColumn="3C315CFC-1EB5-E485-4E3E-9A96F87802E1"/>
</associations>
</Column>
</columns>
<indexes itemClass="oracle.dbtools.crest.model.design.relational.Index">
<ind_PK_UK id="65E258BC-A418-500A-335C-64ABAF8F5870" name="MODEL_PK">
<createdBy>anmolbagati</createdBy>
<createdTime>2019-09-26 04:55:16 UTC</createdTime>
<generatorID>0C09D0CC-964D-F182-5353-BFF2DE3CD828</generatorID>
<ownerDesignName>Logical Model - Assignment 2</ownerDesignName>
<pk>true</pk>
<indexState>Primary Constraint</indexState>
<isSurrogateKey>false</isSurrogateKey>
<indexColumnUsage>
<colUsage columnID="AE553208-DBAC-8412-0823-766537D17BB4"/>
</indexColumnUsage>
</ind_PK_UK>
<ind_PK_UK id="5A44FBE3-9D87-28B2-BE50-317C368B5CFE" name="MANUFACTURER_VEHICLE">
<createdBy>anmolbagati</createdBy>
<createdTime>2019-09-26 04:55:16 UTC</createdTime>
<generatorID>A96A7B77-D0DD-4E2D-B288-619567EB3F56</generatorID>
<ownerDesignName>Logical Model - Assignment 2</ownerDesignName>
<indexState>Foreign Key</indexState>
<isSurrogateKey>false</isSurrogateKey>
<indexColumnUsage>
<colUsage columnID="16B15F20-5B1D-0B6E-C56E-537B1C91BBDB"/>
</indexColumnUsage>
</ind_PK_UK>
</indexes>
</Table>