<?xml version = '1.0' encoding = 'UTF-8'?>
<Table class="oracle.dbtools.crest.model.design.relational.Table" directorySegmentName="seg_0" id="407F24CC-A821-52B4-49DA-AFBB0AABC34E" name="ASSIGNMENT_HISTORY">
<createdBy>anmolbagati</createdBy>
<createdTime>2019-09-26 04:55:16 UTC</createdTime>
<generatorID>08FB0CD4-2842-B9C5-D1C0-1E81AF7851A9</generatorID>
<ownerDesignName>Logical Model - Assignment 2</ownerDesignName>
<allowColumnReorder>false</allowColumnReorder>
<existDependencyGenerateInDDl>true</existDependencyGenerateInDDl>
<parsed>true</parsed>
<columns itemClass="oracle.dbtools.crest.model.design.relational.Column">
<Column name="assignment_start_date" id="AF2EF8DC-ABE1-FF3B-CA7E-45D584D7F37F">
<createdBy>anmolbagati</createdBy>
<createdTime>2019-09-26 04:55:16 UTC</createdTime>
<comment>assignment start date</comment>
<generatorID>3A20CF08-5B5F-45DE-353F-291C35E91E80</generatorID>
<ownerDesignName>Logical Model - Assignment 2</ownerDesignName>
<useDomainConstraints>false</useDomainConstraints>
<use>1</use>
<logicalDatatype>LOGDT007</logicalDatatype>
<ownDataTypeParameters>,,</ownDataTypeParameters>
<autoIncrementCycle>false</autoIncrementCycle>
</Column>
<Column name="officer_id" id="2AED63D4-9D98-1AF3-751C-C693D2233ACB">
<createdBy>anmolbagati</createdBy>
<createdTime>2019-09-26 04:55:16 UTC</createdTime>
<generatorID>6783DC55-1EAB-C264-6000-89993F64E72B</generatorID>
<ownerDesignName>Logical Model - Assignment 2</ownerDesignName>
<useDomainConstraints>false</useDomainConstraints>
<use>1</use>
<logicalDatatype>LOGDT024</logicalDatatype>
<dataTypeSize>20</dataTypeSize>
<ownDataTypeParameters>20,,</ownDataTypeParameters>
<previousColumn>false</previousColumn>
<autoIncrementCycle>false</autoIncrementCycle>
<associations>
<colAssociation fkAssociation="397727B9-0F47-F8FA-BCCA-19A1AB89C5B6" referredColumn="8F3B41AC-54D1-1A70-36A9-053F4039BCF9"/>
</associations>
</Column>
<Column name="station_no" id="53828779-7CA8-8317-690B-45A5D6781042">
<createdBy>anmolbagati</createdBy>
<createdTime>2019-09-26 04:55:16 UTC</createdTime>
<generatorID>EA08B7D1-3AA6-CE8C-7D93-9B49C7B55A9D</generatorID>
<ownerDesignName>Logical Model - Assignment 2</ownerDesignName>
<useDomainConstraints>false</useDomainConstraints>
<use>1</use>
<logicalDatatype>LOGDT024</logicalDatatype>
<dataTypeSize>20</dataTypeSize>
<ownDataTypeParameters>20,,</ownDataTypeParameters>
<previousColumn>false</previousColumn>
<autoIncrementCycle>false</autoIncrementCycle>
<associations>
<colAssociation fkAssociation="AEDD4546-8D6B-5EBC-46C6-A94217B117EC" referredColumn="83E3BD33-7BD5-2F37-947D-8B8EFE1EF3AE"/>
</associations>
</Column>
</columns>
<indexes itemClass="oracle.dbtools.crest.model.design.relational.Index">
<ind_PK_UK id="44DDABBF-5B79-756F-162B-0293DFC874F8" name="ASSIGNMENT_HISTORY_PK">
<createdBy>anmolbagati</createdBy>
<createdTime>2019-09-26 04:55:16 UTC</createdTime>
<generatorID>30964E7A-C5CE-BBEF-E521-5E7382D09819</generatorID>
<ownerDesignName>Logical Model - Assignment 2</ownerDesignName>
<pk>true</pk>
<indexState>Primary Constraint</indexState>
<isSurrogateKey>false</isSurrogateKey>
<indexColumnUsage>
<colUsage columnID="AF2EF8DC-ABE1-FF3B-CA7E-45D584D7F37F"/>
<colUsage columnID="2AED63D4-9D98-1AF3-751C-C693D2233ACB"/>
</indexColumnUsage>
</ind_PK_UK>
<ind_PK_UK id="31D8F6FB-0002-3599-6D68-D65198F56CC0" name="OFFICER_ASSIGNMENT">
<createdBy>anmolbagati</createdBy>
<createdTime>2019-09-26 04:55:16 UTC</createdTime>
<generatorID>B14825A7-A792-2A75-B1E3-992C53488C7C</generatorID>
<ownerDesignName>Logical Model - Assignment 2</ownerDesignName>
<indexState>Foreign Key</indexState>
<isSurrogateKey>false</isSurrogateKey>
<indexColumnUsage>
<colUsage columnID="2AED63D4-9D98-1AF3-751C-C693D2233ACB"/>
</indexColumnUsage>
</ind_PK_UK>
<ind_PK_UK id="1F7BF838-6EF9-8769-D31B-EC0A569E7792" name="STATION_ASSIGNMENT">
<createdBy>anmolbagati</createdBy>
<createdTime>2019-09-26 04:55:16 UTC</createdTime>
<generatorID>A7E1AA41-50F8-8534-320E-AD17C6488880</generatorID>
<ownerDesignName>Logical Model - Assignment 2</ownerDesignName>
<indexState>Foreign Key</indexState>
<isSurrogateKey>false</isSurrogateKey>
<indexColumnUsage>
<colUsage columnID="53828779-7CA8-8317-690B-45A5D6781042"/>
</indexColumnUsage>
</ind_PK_UK>
</indexes>
</Table>