<?xml version = '1.0' encoding = 'UTF-8'?>
<Table class="oracle.dbtools.crest.model.design.relational.Table" directorySegmentName="seg_0" id="48A33EAC-5581-6D45-01D1-BF0BDB014787" name="DRIVER">
<createdBy>anmolbagati</createdBy>
<createdTime>2019-09-26 04:55:16 UTC</createdTime>
<generatorID>452C7559-DBE6-96BE-CFAD-04031EA995D1</generatorID>
<ownerDesignName>Logical Model - Assignment 2</ownerDesignName>
<allowColumnReorder>false</allowColumnReorder>
<existDependencyGenerateInDDl>true</existDependencyGenerateInDDl>
<parsed>true</parsed>
<columns itemClass="oracle.dbtools.crest.model.design.relational.Column">
<Column name="license_no" id="9B086A5E-A154-32B9-65E8-FD7CF7CBBEF9">
<createdBy>anmolbagati</createdBy>
<createdTime>2019-09-26 04:55:16 UTC</createdTime>
<commentInRDBMS>license identification number</commentInRDBMS>
<generatorID>4E6EF7E7-7D60-516C-BD4F-9A09AF81A39F</generatorID>
<ownerDesignName>Logical Model - Assignment 2</ownerDesignName>
<useDomainConstraints>false</useDomainConstraints>
<use>1</use>
<logicalDatatype>LOGDT025</logicalDatatype>
<dataTypeSize>7</dataTypeSize>
<ownDataTypeParameters>7,,</ownDataTypeParameters>
<autoIncrementCycle>false</autoIncrementCycle>
</Column>
<Column name="license_status" id="DF48555F-A547-C3EA-552B-7928C10BEE12">
<createdBy>anmolbagati</createdBy>
<createdTime>2019-09-26 04:55:16 UTC</createdTime>
<commentInRDBMS>license status</commentInRDBMS>
<generatorID>326DC38D-1337-D15F-CC2C-203FDF3DC9C7</generatorID>
<ownerDesignName>Logical Model - Assignment 2</ownerDesignName>
<constraintName>chk_license_status</constraintName>
<useDomainConstraints>false</useDomainConstraints>
<use>1</use>
<logicalDatatype>LOGDT025</logicalDatatype>
<dataTypeSize>8</dataTypeSize>
<listOfValues>
<valueDef value="Active" description=""/>
<valueDef value="Cancelled" description=""/>
<valueDef value="Inactive" description=""/>
<valueDef value="Suspended" description=""/>
</listOfValues>
<ownDataTypeParameters>8,,</ownDataTypeParameters>
<autoIncrementCycle>false</autoIncrementCycle>
</Column>
<Column name="driver_first_name" id="A7781AE0-9607-3706-408D-A225602D92C9">
<createdBy>anmolbagati</createdBy>
<createdTime>2019-09-26 04:55:16 UTC</createdTime>
<commentInRDBMS>Diver&apos;s first name</commentInRDBMS>
<generatorID>EEBD1C95-C452-C665-2866-1BFFFE5BB4D7</generatorID>
<ownerDesignName>Logical Model - Assignment 2</ownerDesignName>
<useDomainConstraints>false</useDomainConstraints>
<use>1</use>
<logicalDatatype>LOGDT024</logicalDatatype>
<dataTypeSize>25</dataTypeSize>
<ownDataTypeParameters>25,,</ownDataTypeParameters>
<autoIncrementCycle>false</autoIncrementCycle>
</Column>
<Column name="driver_last_name" id="D09830F9-5CFC-5356-4FFF-B60A759886B3">
<createdBy>anmolbagati</createdBy>
<createdTime>2019-09-26 04:55:16 UTC</createdTime>
<commentInRDBMS>Driver&apos;s last name</commentInRDBMS>
<generatorID>BC846299-2692-5BF6-E7B7-02140E5F54D4</generatorID>
<ownerDesignName>Logical Model - Assignment 2</ownerDesignName>
<useDomainConstraints>false</useDomainConstraints>
<use>1</use>
<logicalDatatype>LOGDT024</logicalDatatype>
<dataTypeSize>25</dataTypeSize>
<ownDataTypeParameters>25,,</ownDataTypeParameters>
<autoIncrementCycle>false</autoIncrementCycle>
</Column>
<Column name="driver_street" id="67C5A72F-1B60-C6A1-4451-D21DEEDEC2DA">
<createdBy>anmolbagati</createdBy>
<createdTime>2019-09-26 04:55:16 UTC</createdTime>
<commentInRDBMS>driver&apos;s street address</commentInRDBMS>
<generatorID>CEC0B61D-AF74-49EB-7B00-EDA336B9A99C</generatorID>
<ownerDesignName>Logical Model - Assignment 2</ownerDesignName>
<useDomainConstraints>false</useDomainConstraints>
<use>1</use>
<logicalDatatype>LOGDT024</logicalDatatype>
<dataTypeSize>20</dataTypeSize>
<ownDataTypeParameters>20,,</ownDataTypeParameters>
<autoIncrementCycle>false</autoIncrementCycle>
</Column>
<Column name="driver_town" id="728A2632-D732-5EE0-3A2C-2F174ABD88AB">
<createdBy>anmolbagati</createdBy>
<createdTime>2019-09-26 04:55:16 UTC</createdTime>
<commentInRDBMS>driver&apos;s town address</commentInRDBMS>
<generatorID>E11BB260-8E99-65DE-64D7-725FD50B8174</generatorID>
<ownerDesignName>Logical Model - Assignment 2</ownerDesignName>
<useDomainConstraints>false</useDomainConstraints>
<use>1</use>
<logicalDatatype>LOGDT024</logicalDatatype>
<dataTypeSize>20</dataTypeSize>
<ownDataTypeParameters>20,,</ownDataTypeParameters>
<autoIncrementCycle>false</autoIncrementCycle>
</Column>
<Column name="driver_postcode" id="4AAD476B-A3CF-CD94-58CB-EDB494E9D7AD">
<createdBy>anmolbagati</createdBy>
<createdTime>2019-09-26 04:55:16 UTC</createdTime>
<commentInRDBMS>driver&apos;s postcode</commentInRDBMS>
<generatorID>AF685897-699D-525F-CFDF-233E812DC2EF</generatorID>
<ownerDesignName>Logical Model - Assignment 2</ownerDesignName>
<useDomainConstraints>false</useDomainConstraints>
<use>1</use>
<logicalDatatype>LOGDT019</logicalDatatype>
<dataTypePrecision>4</dataTypePrecision>
<ownDataTypeParameters>,4,</ownDataTypeParameters>
<autoIncrementCycle>false</autoIncrementCycle>
</Column>
<Column name="driver_dob" id="113707B3-2E07-2ECC-1FE5-1B0DBA2AA900">
<createdBy>anmolbagati</createdBy>
<createdTime>2019-09-26 04:55:16 UTC</createdTime>
<commentInRDBMS>driver&apos;s date of birth</commentInRDBMS>
<generatorID>389E2219-53E9-E17B-FB1F-60A152EFA2F3</generatorID>
<ownerDesignName>Logical Model - Assignment 2</ownerDesignName>
<useDomainConstraints>false</useDomainConstraints>
<use>1</use>
<logicalDatatype>LOGDT007</logicalDatatype>
<ownDataTypeParameters>,,</ownDataTypeParameters>
<autoIncrementCycle>false</autoIncrementCycle>
</Column>
<Column name="license_expiry_date" id="7EC62771-3861-3A50-16D2-5A5AC99C0909">
<createdBy>anmolbagati</createdBy>
<createdTime>2019-09-26 04:55:16 UTC</createdTime>
<commentInRDBMS>license expiry date</commentInRDBMS>
<generatorID>14A5A575-EC3F-6E51-EFCB-09F2B6B545C3</generatorID>
<ownerDesignName>Logical Model - Assignment 2</ownerDesignName>
<useDomainConstraints>false</useDomainConstraints>
<use>1</use>
<logicalDatatype>LOGDT007</logicalDatatype>
<ownDataTypeParameters>,,</ownDataTypeParameters>
<autoIncrementCycle>false</autoIncrementCycle>
</Column>
<Column name="total_demerit_points" id="748ADCBF-B251-BF08-3505-9118F26E6DB1">
<createdBy>anmolbagati</createdBy>
<createdTime>2019-09-26 04:55:16 UTC</createdTime>
<commentInRDBMS>total number of demerit points accumulated by the driver as of date</commentInRDBMS>
<generatorID>0FFB894E-A4D0-2D31-17BA-A4C439135223</generatorID>
<ownerDesignName>Logical Model - Assignment 2</ownerDesignName>
<constraintName>chk_total_demerit_points</constraintName>
<nullsAllowed>true</nullsAllowed>
<useDomainConstraints>false</useDomainConstraints>
<use>1</use>
<logicalDatatype>LOGDT019</logicalDatatype>
<dataTypePrecision>2</dataTypePrecision>
<ownDataTypeParameters>,2,</ownDataTypeParameters>
<autoIncrementCycle>false</autoIncrementCycle>
<listOfRanges>
<rangeDef class="oracle.dbtools.crest.model.design.constraint.AVT">
<beginValue>0</beginValue>
<endValue>12</endValue>
</rangeDef>
</listOfRanges>
</Column>
<Column name="offence_no" id="DB56CA25-AAAE-8043-D1E8-E939D581CF40">
<createdBy>anmolbagati</createdBy>
<createdTime>2019-09-26 04:55:16 UTC</createdTime>
<generatorID>2C29B784-BF3A-C65F-EC16-AACDBB120486</generatorID>
<ownerDesignName>Logical Model - Assignment 2</ownerDesignName>
<useDomainConstraints>false</useDomainConstraints>
<use>1</use>
<logicalDatatype>LOGDT024</logicalDatatype>
<dataTypeSize>20</dataTypeSize>
<ownDataTypeParameters>,,</ownDataTypeParameters>
<previousColumn>false</previousColumn>
<autoIncrementCycle>false</autoIncrementCycle>
<associations>
<colAssociation fkAssociation="B4E04A38-2D39-EDFA-D72B-CE1224B496EA" referredColumn="B193A060-C12B-A635-2658-9821D36A57EE"/>
</associations>
</Column>
</columns>
<indexes itemClass="oracle.dbtools.crest.model.design.relational.Index">
<ind_PK_UK id="63A59F0C-3625-E846-6812-C619524A7AA9" name="DRIVER_PK">
<createdBy>anmolbagati</createdBy>
<createdTime>2019-09-26 04:55:16 UTC</createdTime>
<generatorID>237FC841-5E40-A244-E5BD-A8AC700A37C0</generatorID>
<ownerDesignName>Logical Model - Assignment 2</ownerDesignName>
<pk>true</pk>
<indexState>Primary Constraint</indexState>
<isSurrogateKey>false</isSurrogateKey>
<indexColumnUsage>
<colUsage columnID="9B086A5E-A154-32B9-65E8-FD7CF7CBBEF9"/>
</indexColumnUsage>
</ind_PK_UK>
<ind_PK_UK id="4F6585AE-DD31-000B-1859-3235461DC657" name="DRIVER_OFFENCE">
<createdBy>anmolbagati</createdBy>
<createdTime>2019-09-26 04:55:16 UTC</createdTime>
<generatorID>25A55EA2-B8B0-9AB8-3D22-CA16F1583F6C</generatorID>
<ownerDesignName>Logical Model - Assignment 2</ownerDesignName>
<indexState>Foreign Key</indexState>
<isSurrogateKey>false</isSurrogateKey>
<indexColumnUsage>
<colUsage columnID="DB56CA25-AAAE-8043-D1E8-E939D581CF40"/>
</indexColumnUsage>
</ind_PK_UK>
</indexes>
</Table>