<?xml version = '1.0' encoding = 'UTF-8'?>
<Table class="oracle.dbtools.crest.model.design.relational.Table" directorySegmentName="seg_0" id="6A5669F6-63BA-0560-2094-2E9AA076940D" name="CANCELLATION">
<createdBy>anmolbagati</createdBy>
<createdTime>2019-09-26 04:55:16 UTC</createdTime>
<generatorID>3A8814F0-337B-E241-A85A-7F84E4675055</generatorID>
<ownerDesignName>Logical Model - Assignment 2</ownerDesignName>
<allowColumnReorder>false</allowColumnReorder>
<existDependencyGenerateInDDl>true</existDependencyGenerateInDDl>
<parsed>true</parsed>
<columns itemClass="oracle.dbtools.crest.model.design.relational.Column">
<Column name="cancellation_date" id="B9CF8655-53D4-01F7-9C94-B55945F7340A">
<createdBy>anmolbagati</createdBy>
<createdTime>2019-09-26 04:55:16 UTC</createdTime>
<commentInRDBMS>date of cancellation</commentInRDBMS>
<generatorID>266DF6ED-20BA-8410-D734-5743749D7A61</generatorID>
<ownerDesignName>Logical Model - Assignment 2</ownerDesignName>
<useDomainConstraints>false</useDomainConstraints>
<use>1</use>
<logicalDatatype>LOGDT007</logicalDatatype>
<ownDataTypeParameters>,,</ownDataTypeParameters>
<autoIncrementCycle>false</autoIncrementCycle>
</Column>
<Column name="cancellation_reason" id="B98A9846-603F-C292-04C7-D898BE5B0EFF">
<createdBy>anmolbagati</createdBy>
<createdTime>2019-09-26 04:55:16 UTC</createdTime>
<comment>reason of license cancellation</comment>
<commentInRDBMS>reason of license cancellation</commentInRDBMS>
<generatorID>847B7D5B-C02C-6A6D-2051-AD0DAF632690</generatorID>
<ownerDesignName>Logical Model - Assignment 2</ownerDesignName>
<useDomainConstraints>false</useDomainConstraints>
<use>1</use>
<logicalDatatype>LOGDT024</logicalDatatype>
<dataTypeSize>50</dataTypeSize>
<ownDataTypeParameters>50,,</ownDataTypeParameters>
<autoIncrementCycle>false</autoIncrementCycle>
</Column>
<Column name="court_hearing_date" id="E1FE2373-C0F2-9395-BF82-F203DB0CE929">
<createdBy>anmolbagati</createdBy>
<createdTime>2019-09-26 04:55:16 UTC</createdTime>
<comment>date of court hearing</comment>
<generatorID>A23B4A89-BA75-9CDE-268C-473B68198252</generatorID>
<ownerDesignName>Logical Model - Assignment 2</ownerDesignName>
<nullsAllowed>true</nullsAllowed>
<useDomainConstraints>false</useDomainConstraints>
<use>1</use>
<logicalDatatype>LOGDT007</logicalDatatype>
<ownDataTypeParameters>,,</ownDataTypeParameters>
<autoIncrementCycle>false</autoIncrementCycle>
</Column>
<Column name="license_reinstate_date" id="31142204-B19C-2310-2533-B3F4626A4903">
<createdBy>anmolbagati</createdBy>
<createdTime>2019-09-26 04:55:16 UTC</createdTime>
<comment>date of license reinstation</comment>
<generatorID>F8FD115B-B9AC-6858-C374-1CD6C29BFBA0</generatorID>
<ownerDesignName>Logical Model - Assignment 2</ownerDesignName>
<nullsAllowed>true</nullsAllowed>
<useDomainConstraints>false</useDomainConstraints>
<use>1</use>
<logicalDatatype>LOGDT007</logicalDatatype>
<ownDataTypeParameters>,,</ownDataTypeParameters>
<autoIncrementCycle>false</autoIncrementCycle>
</Column>
<Column name="license_no" id="AC2DCD59-9935-1B8C-D462-BB0D4FABAABF">
<createdBy>anmolbagati</createdBy>
<createdTime>2019-09-26 04:55:16 UTC</createdTime>
<generatorID>D815E050-F632-87B3-96C9-B0C532278AC0</generatorID>
<ownerDesignName>Logical Model - Assignment 2</ownerDesignName>
<useDomainConstraints>false</useDomainConstraints>
<use>1</use>
<logicalDatatype>LOGDT025</logicalDatatype>
<dataTypeSize>7</dataTypeSize>
<ownDataTypeParameters>,,</ownDataTypeParameters>
<previousColumn>false</previousColumn>
<autoIncrementCycle>false</autoIncrementCycle>
<associations>
<colAssociation fkAssociation="203221BB-1597-084B-B29B-5DB66182FA66" referredColumn="9B086A5E-A154-32B9-65E8-FD7CF7CBBEF9"/>
</associations>
</Column>
</columns>
<indexes itemClass="oracle.dbtools.crest.model.design.relational.Index">
<ind_PK_UK id="0185A934-4356-A08B-9875-916A94D42CA0" name="CANCELLATION_PK">
<createdBy>anmolbagati</createdBy>
<createdTime>2019-09-26 04:55:16 UTC</createdTime>
<generatorID>36DCAF49-28E1-11E1-4A80-F89C89600E67</generatorID>
<ownerDesignName>Logical Model - Assignment 2</ownerDesignName>
<pk>true</pk>
<indexState>Primary Constraint</indexState>
<isSurrogateKey>false</isSurrogateKey>
<indexColumnUsage>
<colUsage columnID="B9CF8655-53D4-01F7-9C94-B55945F7340A"/>
<colUsage columnID="AC2DCD59-9935-1B8C-D462-BB0D4FABAABF"/>
</indexColumnUsage>
</ind_PK_UK>
<ind_PK_UK id="B96CB3C2-D80B-5DDA-FA01-544FECD87DC1" name="DRIVER_CANCELLATION">
<createdBy>anmolbagati</createdBy>
<createdTime>2019-09-26 04:55:16 UTC</createdTime>
<generatorID>DE67676F-34C6-617B-0E19-4257839DF4FD</generatorID>
<ownerDesignName>Logical Model - Assignment 2</ownerDesignName>
<indexState>Foreign Key</indexState>
<isSurrogateKey>false</isSurrogateKey>
<indexColumnUsage>
<colUsage columnID="AC2DCD59-9935-1B8C-D462-BB0D4FABAABF"/>
</indexColumnUsage>
</ind_PK_UK>
</indexes>
</Table>