<?xml version = '1.0' encoding = 'UTF-8'?>
<Table class="oracle.dbtools.crest.model.design.relational.Table" directorySegmentName="seg_0" id="734A1F9C-04BE-7C45-902E-B452ED0C9348" name="LICENSE_TYPE">
<createdBy>anmolbagati</createdBy>
<createdTime>2019-09-26 04:55:16 UTC</createdTime>
<generatorID>CCD2E1AA-2B11-4A5C-3E15-49EF4FBB4F73</generatorID>
<ownerDesignName>Logical Model - Assignment 2</ownerDesignName>
<allowColumnReorder>false</allowColumnReorder>
<existDependencyGenerateInDDl>true</existDependencyGenerateInDDl>
<parsed>true</parsed>
<columns itemClass="oracle.dbtools.crest.model.design.relational.Column">
<Column name="type_id" id="D894C06B-2899-E47E-2B86-03BC9FEC5AC3">
<createdBy>anmolbagati</createdBy>
<createdTime>2019-09-26 04:55:16 UTC</createdTime>
<generatorID>92E9EA88-CFFA-481D-368C-718906B6BB44</generatorID>
<ownerDesignName>Logical Model - Assignment 2</ownerDesignName>
<useDomainConstraints>false</useDomainConstraints>
<use>1</use>
<logicalDatatype>LOGDT025</logicalDatatype>
<dataTypeSize>4</dataTypeSize>
<ownDataTypeParameters>4,,</ownDataTypeParameters>
<previousColumn>false</previousColumn>
<autoIncrementCycle>false</autoIncrementCycle>
<associations>
<colAssociation fkAssociation="55E9C820-C777-26A6-2668-10067D99B8A4" referredColumn="16159FE2-8B99-0600-4AE0-A4A457A82DFD"/>
</associations>
</Column>
<Column name="license_no" id="E9C80FD5-AEE4-E477-D96F-FB10748950C1">
<createdBy>anmolbagati</createdBy>
<createdTime>2019-09-26 04:55:16 UTC</createdTime>
<generatorID>3C85B8FB-ADAB-3F8A-6523-2EAB88D30798</generatorID>
<ownerDesignName>Logical Model - Assignment 2</ownerDesignName>
<useDomainConstraints>false</useDomainConstraints>
<use>1</use>
<logicalDatatype>LOGDT025</logicalDatatype>
<dataTypeSize>7</dataTypeSize>
<ownDataTypeParameters>7,,</ownDataTypeParameters>
<previousColumn>false</previousColumn>
<autoIncrementCycle>false</autoIncrementCycle>
<associations>
<colAssociation fkAssociation="A92F1FBA-739E-7741-F4FB-C65647CC803F" referredColumn="9B086A5E-A154-32B9-65E8-FD7CF7CBBEF9"/>
</associations>
</Column>
</columns>
<indexes itemClass="oracle.dbtools.crest.model.design.relational.Index">
<ind_PK_UK id="AE4A3C04-F128-9B41-0E9A-0626B82D87ED" name="LICENSE_TYPE_PK">
<createdBy>anmolbagati</createdBy>
<createdTime>2019-09-26 04:55:16 UTC</createdTime>
<generatorID>0636493B-ACE7-B44D-2246-C99300D997BE</generatorID>
<ownerDesignName>Logical Model - Assignment 2</ownerDesignName>
<pk>true</pk>
<indexState>Primary Constraint</indexState>
<isSurrogateKey>false</isSurrogateKey>
<indexColumnUsage>
<colUsage columnID="D894C06B-2899-E47E-2B86-03BC9FEC5AC3"/>
<colUsage columnID="E9C80FD5-AEE4-E477-D96F-FB10748950C1"/>
</indexColumnUsage>
</ind_PK_UK>
<ind_PK_UK id="35606A7B-06A5-8C52-157F-F953D1EFC71E" name="CLASSIFICATION_LICENSE">
<createdBy>anmolbagati</createdBy>
<createdTime>2019-09-26 04:55:16 UTC</createdTime>
<generatorID>40B41BC8-EE27-D660-AA3C-24318D6B171F</generatorID>
<ownerDesignName>Logical Model - Assignment 2</ownerDesignName>
<indexState>Foreign Key</indexState>
<isSurrogateKey>false</isSurrogateKey>
<indexColumnUsage>
<colUsage columnID="D894C06B-2899-E47E-2B86-03BC9FEC5AC3"/>
</indexColumnUsage>
</ind_PK_UK>
<ind_PK_UK id="62716B68-5020-2052-0677-0439377C172F" name="DRIVER_LICENSE">
<createdBy>anmolbagati</createdBy>
<createdTime>2019-09-26 04:55:16 UTC</createdTime>
<generatorID>371B2427-7CC2-8AA1-DDF0-53E0D77D23AB</generatorID>
<ownerDesignName>Logical Model - Assignment 2</ownerDesignName>
<indexState>Foreign Key</indexState>
<isSurrogateKey>false</isSurrogateKey>
<indexColumnUsage>
<colUsage columnID="E9C80FD5-AEE4-E477-D96F-FB10748950C1"/>
</indexColumnUsage>
</ind_PK_UK>
</indexes>
</Table>