<?xml version = '1.0' encoding = 'UTF-8'?>
<Table class="oracle.dbtools.crest.model.design.relational.Table" directorySegmentName="seg_0" id="8B521BD3-9B4F-8E94-78D5-7A53DA608105" name="MANUFACTURER">
<createdBy>anmolbagati</createdBy>
<createdTime>2019-09-26 04:55:16 UTC</createdTime>
<generatorID>A662B28C-D400-8F60-401A-4A942B991C71</generatorID>
<ownerDesignName>Logical Model - Assignment 2</ownerDesignName>
<allowColumnReorder>false</allowColumnReorder>
<existDependencyGenerateInDDl>true</existDependencyGenerateInDDl>
<parsed>true</parsed>
<columns itemClass="oracle.dbtools.crest.model.design.relational.Column">
<Column name="manufacturer_code" id="3C315CFC-1EB5-E485-4E3E-9A96F87802E1">
<createdBy>anmolbagati</createdBy>
<createdTime>2019-09-26 04:55:16 UTC</createdTime>
<comment>manufacturere code</comment>
<commentInRDBMS>manufacturer code</commentInRDBMS>
<generatorID>B5B4FDFC-AD30-8830-0134-568F2159F499</generatorID>
<ownerDesignName>Logical Model - Assignment 2</ownerDesignName>
<useDomainConstraints>false</useDomainConstraints>
<use>1</use>
<logicalDatatype>LOGDT025</logicalDatatype>
<dataTypeSize>2</dataTypeSize>
<ownDataTypeParameters>2,,</ownDataTypeParameters>
<autoIncrementCycle>false</autoIncrementCycle>
</Column>
<Column name="manufacturer_name" id="A8FE7569-AD3B-1B3F-BFA7-AAB05C4E12FD">
<createdBy>anmolbagati</createdBy>
<createdTime>2019-09-26 04:55:16 UTC</createdTime>
<commentInRDBMS>manufacturer name</commentInRDBMS>
<generatorID>4F906C15-3DFD-A618-93BD-E3574CE13AF5</generatorID>
<ownerDesignName>Logical Model - Assignment 2</ownerDesignName>
<useDomainConstraints>false</useDomainConstraints>
<use>1</use>
<logicalDatatype>LOGDT024</logicalDatatype>
<dataTypeSize>20</dataTypeSize>
<ownDataTypeParameters>20,,</ownDataTypeParameters>
<autoIncrementCycle>false</autoIncrementCycle>
</Column>
<Column name="manufacturer_country_code" id="FCB138AE-3B05-B121-5862-1C5E730C8495">
<createdBy>anmolbagati</createdBy>
<createdTime>2019-09-26 04:55:16 UTC</createdTime>
<generatorID>1929F939-38DA-B0BE-D1C4-72DE7CDAE234</generatorID>
<ownerDesignName>Logical Model - Assignment 2</ownerDesignName>
<useDomainConstraints>false</useDomainConstraints>
<use>1</use>
<logicalDatatype>LOGDT025</logicalDatatype>
<dataTypeSize>3</dataTypeSize>
<ownDataTypeParameters>,,</ownDataTypeParameters>
<previousColumn>false</previousColumn>
<autoIncrementCycle>false</autoIncrementCycle>
<associations>
<colAssociation fkAssociation="58376A28-C393-5340-77EF-5C911C85FBC8" referredColumn="B0B4A6EE-F67C-A53F-95ED-BF68688382D0"/>
</associations>
</Column>
</columns>
<indexes itemClass="oracle.dbtools.crest.model.design.relational.Index">
<ind_PK_UK id="A27C6204-DC5C-BAFA-7591-6F6EC54A0CAD" name="MANUFACTURER_PK">
<createdBy>anmolbagati</createdBy>
<createdTime>2019-09-26 04:55:16 UTC</createdTime>
<generatorID>6A25EAD0-9D6C-AF41-DF1F-D248BD69022B</generatorID>
<ownerDesignName>Logical Model - Assignment 2</ownerDesignName>
<pk>true</pk>
<indexState>Primary Constraint</indexState>
<isSurrogateKey>false</isSurrogateKey>
<indexColumnUsage>
<colUsage columnID="3C315CFC-1EB5-E485-4E3E-9A96F87802E1"/>
</indexColumnUsage>
</ind_PK_UK>
<ind_PK_UK id="06512801-982E-0484-87D3-1CCC914FDD6F" name="MANUFACTURER_COUNTRY">
<createdBy>anmolbagati</createdBy>
<createdTime>2019-09-26 04:55:16 UTC</createdTime>
<generatorID>1091198B-093B-17B1-D991-46324DB76637</generatorID>
<ownerDesignName>Logical Model - Assignment 2</ownerDesignName>
<indexState>Foreign Key</indexState>
<isSurrogateKey>false</isSurrogateKey>
<indexColumnUsage>
<colUsage columnID="FCB138AE-3B05-B121-5862-1C5E730C8495"/>
</indexColumnUsage>
</ind_PK_UK>
</indexes>
</Table>