<?xml version = '1.0' encoding = 'UTF-8'?>
<Table class="oracle.dbtools.crest.model.design.relational.Table" directorySegmentName="seg_0" id="99763D61-7A0A-5D80-C6CA-6162E52FD0C4" name="VEHICLE_REGISTRATION">
<createdBy>anmolbagati</createdBy>
<createdTime>2019-09-26 04:55:16 UTC</createdTime>
<generatorID>5DE9E921-7D23-AAE3-1830-A18B562AE61A</generatorID>
<ownerDesignName>Logical Model - Assignment 2</ownerDesignName>
<allowColumnReorder>false</allowColumnReorder>
<existDependencyGenerateInDDl>true</existDependencyGenerateInDDl>
<parsed>true</parsed>
<columns itemClass="oracle.dbtools.crest.model.design.relational.Column">
<Column name="vehicle_reg_date" id="07553161-0AC2-21D9-E06E-DD95C7809CCD">
<createdBy>anmolbagati</createdBy>
<createdTime>2019-09-26 04:55:16 UTC</createdTime>
<commentInRDBMS>vehicle registration date</commentInRDBMS>
<generatorID>EFAB170F-8A00-9C3B-2151-258F780D6D0E</generatorID>
<ownerDesignName>Logical Model - Assignment 2</ownerDesignName>
<useDomainConstraints>false</useDomainConstraints>
<use>1</use>
<logicalDatatype>LOGDT007</logicalDatatype>
<ownDataTypeParameters>,,</ownDataTypeParameters>
<autoIncrementCycle>false</autoIncrementCycle>
</Column>
<Column name="vehicle_reg_no" id="DDF314A9-F19B-1BFA-2D30-1A82823FF3DC">
<createdBy>anmolbagati</createdBy>
<createdTime>2019-09-26 04:55:16 UTC</createdTime>
<commentInRDBMS>vehicle registration number</commentInRDBMS>
<generatorID>410679F6-D82B-C7EE-B3C8-D52C69EDBC9A</generatorID>
<ownerDesignName>Logical Model - Assignment 2</ownerDesignName>
<useDomainConstraints>false</useDomainConstraints>
<use>1</use>
<logicalDatatype>LOGDT025</logicalDatatype>
<dataTypeSize>6</dataTypeSize>
<ownDataTypeParameters>6,,</ownDataTypeParameters>
<autoIncrementCycle>false</autoIncrementCycle>
</Column>
<Column name="vehicle_dereg_date" id="EAF38BE6-16D7-B272-46B5-D408262A668E">
<createdBy>anmolbagati</createdBy>
<createdTime>2019-09-26 04:55:16 UTC</createdTime>
<commentInRDBMS>vehicle de-registration date</commentInRDBMS>
<generatorID>EE7885A1-4E76-297D-E28D-1807C7B94036</generatorID>
<ownerDesignName>Logical Model - Assignment 2</ownerDesignName>
<nullsAllowed>true</nullsAllowed>
<useDomainConstraints>false</useDomainConstraints>
<use>1</use>
<logicalDatatype>LOGDT007</logicalDatatype>
<ownDataTypeParameters>,,</ownDataTypeParameters>
<autoIncrementCycle>false</autoIncrementCycle>
</Column>
<Column name="vehicle_vin" id="7E9423C4-7D61-20F9-FA6D-1BE7D8AEB534">
<createdBy>anmolbagati</createdBy>
<createdTime>2019-09-26 04:55:16 UTC</createdTime>
<generatorID>3A1BD21F-1995-B70F-EA91-DD311AECA6D9</generatorID>
<ownerDesignName>Logical Model - Assignment 2</ownerDesignName>
<useDomainConstraints>false</useDomainConstraints>
<use>1</use>
<logicalDatatype>LOGDT025</logicalDatatype>
<dataTypeSize>17</dataTypeSize>
<ownDataTypeParameters>17,,</ownDataTypeParameters>
<previousColumn>false</previousColumn>
<autoIncrementCycle>false</autoIncrementCycle>
<associations>
<colAssociation fkAssociation="6461B3EA-10D5-E2FD-46D8-05C1D2C9AD95" referredColumn="6D6D5CA1-DA2B-8548-14AF-2697B50F8EF7"/>
</associations>
</Column>
</columns>
<indexes itemClass="oracle.dbtools.crest.model.design.relational.Index">
<ind_PK_UK id="0BE8808A-4BF8-100E-D11F-89576D757CB8" name="VEHICLE_REGISTRATION_PK">
<createdBy>anmolbagati</createdBy>
<createdTime>2019-09-26 04:55:16 UTC</createdTime>
<generatorID>6091ECD3-C278-795A-F12A-246B809160FF</generatorID>
<ownerDesignName>Logical Model - Assignment 2</ownerDesignName>
<pk>true</pk>
<indexState>Primary Constraint</indexState>
<isSurrogateKey>false</isSurrogateKey>
<indexColumnUsage>
<colUsage columnID="07553161-0AC2-21D9-E06E-DD95C7809CCD"/>
<colUsage columnID="7E9423C4-7D61-20F9-FA6D-1BE7D8AEB534"/>
</indexColumnUsage>
</ind_PK_UK>
<ind_PK_UK id="77B2EE38-AAF8-CDFD-0634-D7EF5F060C72" name="VEHICLE_REGISTRATION">
<createdBy>anmolbagati</createdBy>
<createdTime>2019-09-26 04:55:16 UTC</createdTime>
<generatorID>7AD57460-FACE-B415-AE5D-4F8DAC7E3299</generatorID>
<ownerDesignName>Logical Model - Assignment 2</ownerDesignName>
<indexState>Foreign Key</indexState>
<isSurrogateKey>false</isSurrogateKey>
<indexColumnUsage>
<colUsage columnID="7E9423C4-7D61-20F9-FA6D-1BE7D8AEB534"/>
</indexColumnUsage>
</ind_PK_UK>
</indexes>
</Table>