<?xml version = '1.0' encoding = 'UTF-8'?>
<Table class="oracle.dbtools.crest.model.design.relational.Table" directorySegmentName="seg_0" id="AEA8391B-55F0-BF46-B4C1-8D5AABF7CA12" name="DEMERIT">
<createdBy>anmolbagati</createdBy>
<createdTime>2019-09-26 04:55:16 UTC</createdTime>
<generatorID>8D9A3A3F-4E0F-AB9B-4031-CBB628D2F3F9</generatorID>
<ownerDesignName>Logical Model - Assignment 2</ownerDesignName>
<allowColumnReorder>false</allowColumnReorder>
<existDependencyGenerateInDDl>true</existDependencyGenerateInDDl>
<parsed>true</parsed>
<columns itemClass="oracle.dbtools.crest.model.design.relational.Column">
<Column name="demerit_code" id="36EEAA35-9480-26F3-7B41-26DAC9C07E81">
<createdBy>anmolbagati</createdBy>
<createdTime>2019-09-26 04:55:16 UTC</createdTime>
<commentInRDBMS>demerit code</commentInRDBMS>
<generatorID>993C7A28-03BE-5F9E-5E01-8EDC0752FA8C</generatorID>
<ownerDesignName>Logical Model - Assignment 2</ownerDesignName>
<useDomainConstraints>false</useDomainConstraints>
<use>1</use>
<logicalDatatype>LOGDT024</logicalDatatype>
<dataTypeSize>20</dataTypeSize>
<ownDataTypeParameters>20,,</ownDataTypeParameters>
<autoIncrementCycle>false</autoIncrementCycle>
</Column>
<Column name="demerit_description" id="8BEAC466-D8E8-1FC8-8BB6-38BF620378CA">
<createdBy>anmolbagati</createdBy>
<createdTime>2019-09-26 04:55:16 UTC</createdTime>
<commentInRDBMS>Description of demerit</commentInRDBMS>
<generatorID>33E31F6C-6443-8D52-2713-329007242A2E</generatorID>
<ownerDesignName>Logical Model - Assignment 2</ownerDesignName>
<useDomainConstraints>false</useDomainConstraints>
<use>1</use>
<logicalDatatype>LOGDT024</logicalDatatype>
<dataTypeSize>75</dataTypeSize>
<ownDataTypeParameters>75,,</ownDataTypeParameters>
<autoIncrementCycle>false</autoIncrementCycle>
</Column>
<Column name="demerit_points" id="6840F9F7-1130-0653-120D-843580559C59">
<createdBy>anmolbagati</createdBy>
<createdTime>2019-09-26 04:55:16 UTC</createdTime>
<commentInRDBMS>demerit points</commentInRDBMS>
<generatorID>A20FD489-4A56-CD3F-6040-0FC9B210F7CD</generatorID>
<ownerDesignName>Logical Model - Assignment 2</ownerDesignName>
<nullsAllowed>true</nullsAllowed>
<useDomainConstraints>false</useDomainConstraints>
<use>1</use>
<logicalDatatype>LOGDT019</logicalDatatype>
<dataTypePrecision>2</dataTypePrecision>
<ownDataTypeParameters>,2,</ownDataTypeParameters>
<autoIncrementCycle>false</autoIncrementCycle>
</Column>
<Column name="cancellation_trigger" id="0B160B0B-3A33-A457-B0CB-B45F3F647ADD">
<createdBy>anmolbagati</createdBy>
<createdTime>2019-09-26 04:55:16 UTC</createdTime>
<commentInRDBMS>triggers cancellation during serious offences</commentInRDBMS>
<generatorID>8896BF3A-30F3-238F-05D2-F11DBCFB918A</generatorID>
<ownerDesignName>Logical Model - Assignment 2</ownerDesignName>
<constraintName>chk_cancellation_trigger</constraintName>
<useDomainConstraints>false</useDomainConstraints>
<use>1</use>
<logicalDatatype>LOGDT025</logicalDatatype>
<dataTypeSize>5</dataTypeSize>
<listOfValues>
<valueDef value="FALSE" description=""/>
<valueDef value="TRUE" description=""/>
</listOfValues>
<ownDataTypeParameters>5,,</ownDataTypeParameters>
<autoIncrementCycle>false</autoIncrementCycle>
</Column>
<Column name="cancellation_period" id="5682628F-9C12-5DB1-D306-86B32AD7CF38">
<createdBy>anmolbagati</createdBy>
<createdTime>2019-09-26 04:55:16 UTC</createdTime>
<commentInRDBMS>period for which license wil be cancelled in months</commentInRDBMS>
<generatorID>0329A3C8-A092-22F3-80C0-E5707AB01D62</generatorID>
<ownerDesignName>Logical Model - Assignment 2</ownerDesignName>
<nullsAllowed>true</nullsAllowed>
<useDomainConstraints>false</useDomainConstraints>
<use>1</use>
<logicalDatatype>LOGDT019</logicalDatatype>
<dataTypePrecision>2</dataTypePrecision>
<ownDataTypeParameters>,2,</ownDataTypeParameters>
<autoIncrementCycle>false</autoIncrementCycle>
</Column>
</columns>
<indexes itemClass="oracle.dbtools.crest.model.design.relational.Index">
<ind_PK_UK id="C6EA83B1-1811-D59A-166D-1ADA9E70276C" name="DEMERIT_PK">
<createdBy>anmolbagati</createdBy>
<createdTime>2019-09-26 04:55:16 UTC</createdTime>
<generatorID>2AE8D20C-6C43-CD4A-BB0A-E78E5A3AC133</generatorID>
<ownerDesignName>Logical Model - Assignment 2</ownerDesignName>
<pk>true</pk>
<indexState>Primary Constraint</indexState>
<isSurrogateKey>false</isSurrogateKey>
<indexColumnUsage>
<colUsage columnID="36EEAA35-9480-26F3-7B41-26DAC9C07E81"/>
</indexColumnUsage>
</ind_PK_UK>
</indexes>
</Table>