<?xml version = '1.0' encoding = 'UTF-8'?>
<Table class="oracle.dbtools.crest.model.design.relational.Table" directorySegmentName="seg_0" id="C3E71BEC-B7A8-69A0-BE0B-5659FB2BBE1D" name="SUSPENSION">
<createdBy>anmolbagati</createdBy>
<createdTime>2019-09-26 04:55:16 UTC</createdTime>
<generatorID>122F508E-9124-05AD-CFDF-3276A2D7DB4B</generatorID>
<ownerDesignName>Logical Model - Assignment 2</ownerDesignName>
<allowColumnReorder>false</allowColumnReorder>
<existDependencyGenerateInDDl>true</existDependencyGenerateInDDl>
<parsed>true</parsed>
<columns itemClass="oracle.dbtools.crest.model.design.relational.Column">
<Column name="suspension_start_date" id="C1BACFD0-B172-DBF5-E392-E7836FF93323">
<createdBy>anmolbagati</createdBy>
<createdTime>2019-09-26 04:55:16 UTC</createdTime>
<comment>start date of suspension</comment>
<commentInRDBMS>suspension start date</commentInRDBMS>
<generatorID>4A883D75-82D1-C0E6-A118-F900AE5B9433</generatorID>
<ownerDesignName>Logical Model - Assignment 2</ownerDesignName>
<useDomainConstraints>false</useDomainConstraints>
<use>1</use>
<logicalDatatype>LOGDT007</logicalDatatype>
<ownDataTypeParameters>,,</ownDataTypeParameters>
<autoIncrementCycle>false</autoIncrementCycle>
</Column>
<Column name="suspension_end_date" id="3558C558-A9C2-49F6-BF96-725787168362">
<createdBy>anmolbagati</createdBy>
<createdTime>2019-09-26 04:55:16 UTC</createdTime>
<comment>end date of suspension</comment>
<commentInRDBMS>suspension end date</commentInRDBMS>
<generatorID>00F7CE78-B00D-FBF4-925E-38530AE57230</generatorID>
<ownerDesignName>Logical Model - Assignment 2</ownerDesignName>
<useDomainConstraints>false</useDomainConstraints>
<use>1</use>
<logicalDatatype>LOGDT007</logicalDatatype>
<ownDataTypeParameters>,,</ownDataTypeParameters>
<autoIncrementCycle>false</autoIncrementCycle>
</Column>
<Column name="license_no" id="7EE358D3-8628-60EF-4775-8C50A1AEF734">
<createdBy>anmolbagati</createdBy>
<createdTime>2019-09-26 04:55:16 UTC</createdTime>
<generatorID>2B83F17D-BC19-1A51-31E4-F931EDFD0D7B</generatorID>
<ownerDesignName>Logical Model - Assignment 2</ownerDesignName>
<useDomainConstraints>false</useDomainConstraints>
<use>1</use>
<logicalDatatype>LOGDT025</logicalDatatype>
<dataTypeSize>7</dataTypeSize>
<ownDataTypeParameters>,,</ownDataTypeParameters>
<previousColumn>false</previousColumn>
<autoIncrementCycle>false</autoIncrementCycle>
<associations>
<colAssociation fkAssociation="953B3FF8-62B4-8562-9562-369DFC73A35E" referredColumn="9B086A5E-A154-32B9-65E8-FD7CF7CBBEF9"/>
</associations>
</Column>
</columns>
<indexes itemClass="oracle.dbtools.crest.model.design.relational.Index">
<ind_PK_UK id="5C9AF206-B28C-F735-7B58-C729FB150534" name="LICENSE_SUSPENSION_PK">
<createdBy>anmolbagati</createdBy>
<createdTime>2019-09-26 04:55:16 UTC</createdTime>
<generatorID>650098CB-0650-9CFF-33AA-5DA489909AEE</generatorID>
<ownerDesignName>Logical Model - Assignment 2</ownerDesignName>
<pk>true</pk>
<indexState>Primary Constraint</indexState>
<isSurrogateKey>false</isSurrogateKey>
<indexColumnUsage>
<colUsage columnID="C1BACFD0-B172-DBF5-E392-E7836FF93323"/>
<colUsage columnID="7EE358D3-8628-60EF-4775-8C50A1AEF734"/>
</indexColumnUsage>
</ind_PK_UK>
<ind_PK_UK id="392C450A-B09E-B736-8A67-14FA30B641C8" name="DRIVER_SUSPENSION">
<createdBy>anmolbagati</createdBy>
<createdTime>2019-09-26 04:55:16 UTC</createdTime>
<generatorID>164F48F3-544C-EB89-FDFB-1D4DA9AD5E47</generatorID>
<ownerDesignName>Logical Model - Assignment 2</ownerDesignName>
<indexState>Foreign Key</indexState>
<isSurrogateKey>false</isSurrogateKey>
<indexColumnUsage>
<colUsage columnID="7EE358D3-8628-60EF-4775-8C50A1AEF734"/>
</indexColumnUsage>
</ind_PK_UK>
</indexes>
</Table>