<?xml version = '1.0' encoding = 'UTF-8'?>
<Table class="oracle.dbtools.crest.model.design.relational.Table" directorySegmentName="seg_0" id="D088CD00-028F-E573-3DA4-6D0A6D595771" name="CLASSIFICATION">
<createdBy>anmolbagati</createdBy>
<createdTime>2019-09-26 04:55:16 UTC</createdTime>
<generatorID>23102A21-D95C-7C95-78A2-D79E3A52A080</generatorID>
<ownerDesignName>Logical Model - Assignment 2</ownerDesignName>
<allowColumnReorder>false</allowColumnReorder>
<existDependencyGenerateInDDl>true</existDependencyGenerateInDDl>
<parsed>true</parsed>
<columns itemClass="oracle.dbtools.crest.model.design.relational.Column">
<Column name="type_id" id="16159FE2-8B99-0600-4AE0-A4A457A82DFD">
<createdBy>anmolbagati</createdBy>
<createdTime>2019-09-26 04:55:16 UTC</createdTime>
<commentInRDBMS>Unique type identification</commentInRDBMS>
<generatorID>9E211665-1D04-CEEA-17A5-142E7A542C86</generatorID>
<ownerDesignName>Logical Model - Assignment 2</ownerDesignName>
<useDomainConstraints>false</useDomainConstraints>
<use>1</use>
<logicalDatatype>LOGDT025</logicalDatatype>
<dataTypeSize>4</dataTypeSize>
<ownDataTypeParameters>4,,</ownDataTypeParameters>
<autoIncrementCycle>false</autoIncrementCycle>
</Column>
<Column name="classicifaction_type" id="95C9E894-917E-9789-B63A-38BC06852601">
<createdBy>anmolbagati</createdBy>
<createdTime>2019-09-26 04:55:16 UTC</createdTime>
<commentInRDBMS>type of license</commentInRDBMS>
<generatorID>421BBAA7-FC1D-86BF-D173-F0D18BAED7FC</generatorID>
<ownerDesignName>Logical Model - Assignment 2</ownerDesignName>
<useDomainConstraints>false</useDomainConstraints>
<use>1</use>
<logicalDatatype>LOGDT024</logicalDatatype>
<dataTypeSize>15</dataTypeSize>
<ownDataTypeParameters>15,,</ownDataTypeParameters>
<autoIncrementCycle>false</autoIncrementCycle>
</Column>
</columns>
<indexes itemClass="oracle.dbtools.crest.model.design.relational.Index">
<ind_PK_UK id="68F1C3D9-B599-032C-281B-C3AC7DDDE3FE" name="CLASSIFICATION_PK">
<createdBy>anmolbagati</createdBy>
<createdTime>2019-09-26 04:55:16 UTC</createdTime>
<generatorID>51F7DAD2-CE9E-FAF3-BEBF-FDE7D9A5FA7F</generatorID>
<ownerDesignName>Logical Model - Assignment 2</ownerDesignName>
<pk>true</pk>
<indexState>Primary Constraint</indexState>
<isSurrogateKey>false</isSurrogateKey>
<indexColumnUsage>
<colUsage columnID="16159FE2-8B99-0600-4AE0-A4A457A82DFD"/>
</indexColumnUsage>
</ind_PK_UK>
<ind_PK_UK id="677D204E-3060-01DF-3740-C647C00F785D" name="classification_type">
<createdBy>anmolbagati</createdBy>
<createdTime>2019-09-26 04:55:16 UTC</createdTime>
<generatorID>BAF668AD-6B9C-09F5-B9D8-975063E33120</generatorID>
<ownerDesignName>Logical Model - Assignment 2</ownerDesignName>
<indexState>Unique Constraint</indexState>
<isSurrogateKey>false</isSurrogateKey>
<indexColumnUsage>
<colUsage columnID="95C9E894-917E-9789-B63A-38BC06852601"/>
</indexColumnUsage>
</ind_PK_UK>
</indexes>
</Table>