<?xml version = '1.0' encoding = 'UTF-8'?>
<Table class="oracle.dbtools.crest.model.design.relational.Table" directorySegmentName="seg_0" id="E1496753-4C53-A5DB-64BB-BF9530DB8B74" name="OFFENCE">
<createdBy>anmolbagati</createdBy>
<createdTime>2019-09-26 04:55:16 UTC</createdTime>
<generatorID>3F042AF5-F124-5F18-8052-C338F6B5CD73</generatorID>
<ownerDesignName>Logical Model - Assignment 2</ownerDesignName>
<allowColumnReorder>false</allowColumnReorder>
<existDependencyGenerateInDDl>true</existDependencyGenerateInDDl>
<parsed>true</parsed>
<columns itemClass="oracle.dbtools.crest.model.design.relational.Column">
<Column name="offence_no" id="B193A060-C12B-A635-2658-9821D36A57EE">
<createdBy>anmolbagati</createdBy>
<createdTime>2019-09-26 04:55:16 UTC</createdTime>
<commentInRDBMS>Offence number</commentInRDBMS>
<generatorID>8E4FFF15-DACC-C14E-E41F-F6D00D8DD6F5</generatorID>
<ownerDesignName>Logical Model - Assignment 2</ownerDesignName>
<useDomainConstraints>false</useDomainConstraints>
<use>1</use>
<logicalDatatype>LOGDT024</logicalDatatype>
<dataTypeSize>20</dataTypeSize>
<ownDataTypeParameters>20,,</ownDataTypeParameters>
<autoIncrementCycle>false</autoIncrementCycle>
</Column>
<Column name="offence_location" id="4615ECAF-C129-76D3-7697-952AC3C3FD04">
<createdBy>anmolbagati</createdBy>
<createdTime>2019-09-26 04:55:16 UTC</createdTime>
<commentInRDBMS>location of the offence</commentInRDBMS>
<generatorID>1C297E71-CB0B-1E6F-E45F-118CAA2522AF</generatorID>
<ownerDesignName>Logical Model - Assignment 2</ownerDesignName>
<useDomainConstraints>false</useDomainConstraints>
<use>1</use>
<logicalDatatype>LOGDT024</logicalDatatype>
<dataTypeSize>50</dataTypeSize>
<ownDataTypeParameters>50,,</ownDataTypeParameters>
<autoIncrementCycle>false</autoIncrementCycle>
</Column>
<Column name="offence_datetime" id="026C76C5-0BF4-E816-F9DA-0CC0674E0CC5">
<createdBy>anmolbagati</createdBy>
<createdTime>2019-09-26 04:55:16 UTC</createdTime>
<commentInRDBMS>date of the offence</commentInRDBMS>
<generatorID>8FF62F44-13FD-17B5-C864-4C5CF9DF82C1</generatorID>
<ownerDesignName>Logical Model - Assignment 2</ownerDesignName>
<useDomainConstraints>false</useDomainConstraints>
<use>1</use>
<logicalDatatype>LOGDT007</logicalDatatype>
<ownDataTypeParameters>,,</ownDataTypeParameters>
<autoIncrementCycle>false</autoIncrementCycle>
</Column>
<Column name="offence_time" id="10B42B60-D4E7-74D5-03E3-FB27FA4574A9">
<createdBy>anmolbagati</createdBy>
<createdTime>2019-09-26 04:55:16 UTC</createdTime>
<commentInRDBMS>date of the offence</commentInRDBMS>
<generatorID>CED31329-84E0-F470-18E1-5E1F8CB7FCB3</generatorID>
<ownerDesignName>Logical Model - Assignment 2</ownerDesignName>
<useDomainConstraints>false</useDomainConstraints>
<use>1</use>
<logicalDatatype>LOGDT007</logicalDatatype>
<ownDataTypeParameters>,,</ownDataTypeParameters>
<autoIncrementCycle>false</autoIncrementCycle>
</Column>
<Column name="officer_id" id="A89EC0A7-BDCA-0EE2-66AB-AF9C7296520B">
<createdBy>anmolbagati</createdBy>
<createdTime>2019-09-26 04:55:16 UTC</createdTime>
<generatorID>08969F7B-D03B-AB81-2190-EA2426F5A25F</generatorID>
<ownerDesignName>Logical Model - Assignment 2</ownerDesignName>
<useDomainConstraints>false</useDomainConstraints>
<use>1</use>
<logicalDatatype>LOGDT024</logicalDatatype>
<dataTypeSize>20</dataTypeSize>
<ownDataTypeParameters>20,,</ownDataTypeParameters>
<previousColumn>false</previousColumn>
<autoIncrementCycle>false</autoIncrementCycle>
<associations>
<colAssociation fkAssociation="BBD87ADC-AD1B-EC8E-EB27-0877D1A055AB" referredColumn="8F3B41AC-54D1-1A70-36A9-053F4039BCF9"/>
</associations>
</Column>
<Column name="demerit_code" id="85F6A5AD-C719-0813-C1A0-48D5476E91AA">
<createdBy>anmolbagati</createdBy>
<createdTime>2019-09-26 04:55:16 UTC</createdTime>
<generatorID>75D92ED9-5CD4-6112-4831-9B1B07705E2A</generatorID>
<ownerDesignName>Logical Model - Assignment 2</ownerDesignName>
<useDomainConstraints>false</useDomainConstraints>
<use>1</use>
<logicalDatatype>LOGDT024</logicalDatatype>
<dataTypeSize>20</dataTypeSize>
<ownDataTypeParameters>20,,</ownDataTypeParameters>
<previousColumn>false</previousColumn>
<autoIncrementCycle>false</autoIncrementCycle>
<associations>
<colAssociation fkAssociation="41B5AAFB-74F6-A453-1BD2-B479B599574B" referredColumn="36EEAA35-9480-26F3-7B41-26DAC9C07E81"/>
</associations>
</Column>
<Column name="vehicle_vin" id="D36383DB-F568-EF61-A726-23284747308B">
<createdBy>anmolbagati</createdBy>
<createdTime>2019-09-26 04:55:16 UTC</createdTime>
<generatorID>AA1F0E45-D55D-152F-3317-EFB6EF180D7D</generatorID>
<ownerDesignName>Logical Model - Assignment 2</ownerDesignName>
<useDomainConstraints>false</useDomainConstraints>
<use>1</use>
<logicalDatatype>LOGDT025</logicalDatatype>
<dataTypeSize>17</dataTypeSize>
<ownDataTypeParameters>17,,</ownDataTypeParameters>
<previousColumn>false</previousColumn>
<autoIncrementCycle>false</autoIncrementCycle>
<associations>
<colAssociation fkAssociation="5DDC82E9-4A35-B164-1BB3-575A94923193" referredColumn="6D6D5CA1-DA2B-8548-14AF-2697B50F8EF7"/>
</associations>
</Column>
</columns>
<indexes itemClass="oracle.dbtools.crest.model.design.relational.Index">
<ind_PK_UK id="44C56673-29D2-F892-D6C4-8A76BA742EE1" name="OFFENCE_PK">
<createdBy>anmolbagati</createdBy>
<createdTime>2019-09-26 04:55:16 UTC</createdTime>
<generatorID>9A2A667B-D68E-F836-A866-5E61854C2F99</generatorID>
<ownerDesignName>Logical Model - Assignment 2</ownerDesignName>
<pk>true</pk>
<indexState>Primary Constraint</indexState>
<isSurrogateKey>false</isSurrogateKey>
<indexColumnUsage>
<colUsage columnID="B193A060-C12B-A635-2658-9821D36A57EE"/>
</indexColumnUsage>
</ind_PK_UK>
<ind_PK_UK id="F8158C64-D80B-6E34-7B40-C6912F432E00" name="OFFENCE_DEMERIT">
<createdBy>anmolbagati</createdBy>
<createdTime>2019-09-26 04:55:16 UTC</createdTime>
<generatorID>0A05F9DA-EB61-B16F-62CF-C30BFECD01D9</generatorID>
<ownerDesignName>Logical Model - Assignment 2</ownerDesignName>
<indexState>Foreign Key</indexState>
<isSurrogateKey>false</isSurrogateKey>
<indexColumnUsage>
<colUsage columnID="85F6A5AD-C719-0813-C1A0-48D5476E91AA"/>
</indexColumnUsage>
</ind_PK_UK>
<ind_PK_UK id="AA71CF38-EA09-3718-32BC-DC48BCAD8D87" name="OFFICER_OFFENCE">
<createdBy>anmolbagati</createdBy>
<createdTime>2019-09-26 04:55:16 UTC</createdTime>
<generatorID>ACDB6364-8C10-7836-B8DC-9256F62C5B96</generatorID>
<ownerDesignName>Logical Model - Assignment 2</ownerDesignName>
<indexState>Foreign Key</indexState>
<isSurrogateKey>false</isSurrogateKey>
<indexColumnUsage>
<colUsage columnID="A89EC0A7-BDCA-0EE2-66AB-AF9C7296520B"/>
</indexColumnUsage>
</ind_PK_UK>
<ind_PK_UK id="DF3E92A5-78AB-5679-2DAC-9C1C8A60223E" name="VEHICLE_OFFENCE">
<createdBy>anmolbagati</createdBy>
<createdTime>2019-09-26 04:55:16 UTC</createdTime>
<generatorID>61B58069-7D2D-8B6E-319E-A9F8D37584DD</generatorID>
<ownerDesignName>Logical Model - Assignment 2</ownerDesignName>
<indexState>Foreign Key</indexState>
<isSurrogateKey>false</isSurrogateKey>
<indexColumnUsage>
<colUsage columnID="D36383DB-F568-EF61-A726-23284747308B"/>
</indexColumnUsage>
</ind_PK_UK>
</indexes>
</Table>