<?xml version = '1.0' encoding = 'UTF-8'?>
<Table class="oracle.dbtools.crest.model.design.relational.Table" directorySegmentName="seg_0" id="E69C1A53-F3FE-0448-0DC4-5291C2330139" name="STATION">
<createdBy>anmolbagati</createdBy>
<createdTime>2019-09-26 04:55:16 UTC</createdTime>
<generatorID>18938AD9-1706-DFD3-F16C-3C5628B9055F</generatorID>
<ownerDesignName>Logical Model - Assignment 2</ownerDesignName>
<allowColumnReorder>false</allowColumnReorder>
<existDependencyGenerateInDDl>true</existDependencyGenerateInDDl>
<parsed>true</parsed>
<columns itemClass="oracle.dbtools.crest.model.design.relational.Column">
<Column name="station_no" id="83E3BD33-7BD5-2F37-947D-8B8EFE1EF3AE">
<createdBy>anmolbagati</createdBy>
<createdTime>2019-09-26 04:55:16 UTC</createdTime>
<commentInRDBMS>unique station number</commentInRDBMS>
<generatorID>6938CF7B-37E2-C843-EA07-B1DC7C3741C0</generatorID>
<ownerDesignName>Logical Model - Assignment 2</ownerDesignName>
<useDomainConstraints>false</useDomainConstraints>
<use>1</use>
<logicalDatatype>LOGDT024</logicalDatatype>
<dataTypeSize>20</dataTypeSize>
<ownDataTypeParameters>20,,</ownDataTypeParameters>
<autoIncrementCycle>false</autoIncrementCycle>
</Column>
<Column name="station_address" id="7378EB7B-852E-0725-D524-47F6A0669E9C">
<createdBy>anmolbagati</createdBy>
<createdTime>2019-09-26 04:55:16 UTC</createdTime>
<commentInRDBMS>address of the station</commentInRDBMS>
<generatorID>72DC589C-EF67-5336-9FCD-604BFF2CA774</generatorID>
<ownerDesignName>Logical Model - Assignment 2</ownerDesignName>
<useDomainConstraints>false</useDomainConstraints>
<use>1</use>
<logicalDatatype>LOGDT024</logicalDatatype>
<dataTypeSize>75</dataTypeSize>
<ownDataTypeParameters>75,,</ownDataTypeParameters>
<autoIncrementCycle>false</autoIncrementCycle>
</Column>
<Column name="station_contact_no" id="4D6A52F6-ACF6-43E5-6DA1-C4AD820286D8">
<createdBy>anmolbagati</createdBy>
<createdTime>2019-09-26 04:55:16 UTC</createdTime>
<commentInRDBMS>contatc number of the station</commentInRDBMS>
<generatorID>0103CD41-2BDE-FA78-7321-B5B3D895E7DD</generatorID>
<ownerDesignName>Logical Model - Assignment 2</ownerDesignName>
<useDomainConstraints>false</useDomainConstraints>
<use>1</use>
<logicalDatatype>LOGDT025</logicalDatatype>
<dataTypeSize>10</dataTypeSize>
<ownDataTypeParameters>10,,</ownDataTypeParameters>
<autoIncrementCycle>false</autoIncrementCycle>
</Column>
<Column name="station_open_status" id="A58E3731-AEA7-C65A-23DA-01E49E1CFC2D">
<createdBy>anmolbagati</createdBy>
<createdTime>2019-09-26 04:55:16 UTC</createdTime>
<commentInRDBMS>if station is open 24*7 or not</commentInRDBMS>
<generatorID>ABC478F7-A7AD-3943-4E39-4AD5E0934A93</generatorID>
<ownerDesignName>Logical Model - Assignment 2</ownerDesignName>
<useDomainConstraints>false</useDomainConstraints>
<use>1</use>
<logicalDatatype>LOGDT024</logicalDatatype>
<dataTypeSize>10</dataTypeSize>
<ownDataTypeParameters>10,,</ownDataTypeParameters>
<autoIncrementCycle>false</autoIncrementCycle>
</Column>
<Column name="officer_id" id="E15F84CE-FF17-6FB3-35C1-4FC197E99A33">
<createdBy>anmolbagati</createdBy>
<createdTime>2019-09-26 04:55:16 UTC</createdTime>
<generatorID>408280E8-330A-2840-D277-F25F94B3EBCB</generatorID>
<ownerDesignName>Logical Model - Assignment 2</ownerDesignName>
<useDomainConstraints>false</useDomainConstraints>
<use>1</use>
<logicalDatatype>LOGDT024</logicalDatatype>
<dataTypeSize>20</dataTypeSize>
<ownDataTypeParameters>,,</ownDataTypeParameters>
<previousColumn>false</previousColumn>
<autoIncrementCycle>false</autoIncrementCycle>
<associations>
<colAssociation fkAssociation="81167BA3-C983-A068-817A-09F2F5C390D9" referredColumn="8F3B41AC-54D1-1A70-36A9-053F4039BCF9"/>
</associations>
</Column>
</columns>
<indexes itemClass="oracle.dbtools.crest.model.design.relational.Index">
<ind_PK_UK id="E50A8060-9207-A8AC-E2AC-FC7C986B7F3F" name="STATION_PK">
<createdBy>anmolbagati</createdBy>
<createdTime>2019-09-26 04:55:16 UTC</createdTime>
<generatorID>4E5E8144-D667-E913-4B2F-D147C3D033E5</generatorID>
<ownerDesignName>Logical Model - Assignment 2</ownerDesignName>
<pk>true</pk>
<indexState>Primary Constraint</indexState>
<isSurrogateKey>false</isSurrogateKey>
<indexColumnUsage>
<colUsage columnID="83E3BD33-7BD5-2F37-947D-8B8EFE1EF3AE"/>
</indexColumnUsage>
</ind_PK_UK>
<ind_PK_UK id="42539E5B-FD5D-75D9-2C14-FB3E7B778459" name="STATION__IDX">
<createdBy>anmolbagati</createdBy>
<createdTime>2019-09-26 04:55:16 UTC</createdTime>
<ownerDesignName>Logical Model - Assignment 2</ownerDesignName>
<indexState>Unique Plain Index</indexState>
<isSurrogateKey>false</isSurrogateKey>
<relationGeneratorID>E1DA2645-3BF7-FF35-3C9B-6D7CDC93CF34</relationGeneratorID>
<indexColumnUsage>
<colUsage columnID="E15F84CE-FF17-6FB3-35C1-4FC197E99A33"/>
</indexColumnUsage>
</ind_PK_UK>
<ind_PK_UK id="65D3F8DF-2EB2-80A8-5FBB-1FD474E75FDF" name="OFFICER_STATION">
<createdBy>anmolbagati</createdBy>
<createdTime>2019-09-26 04:55:16 UTC</createdTime>
<generatorID>E1DA2645-3BF7-FF35-3C9B-6D7CDC93CF34</generatorID>
<ownerDesignName>Logical Model - Assignment 2</ownerDesignName>
<indexState>Foreign Key</indexState>
<isSurrogateKey>false</isSurrogateKey>
<indexColumnUsage>
<colUsage columnID="E15F84CE-FF17-6FB3-35C1-4FC197E99A33"/>
</indexColumnUsage>
</ind_PK_UK>
</indexes>
</Table>