<?xml version = '1.0' encoding = 'UTF-8'?>
<Table class="oracle.dbtools.crest.model.design.relational.Table" directorySegmentName="seg_0" id="F1721EE5-EB08-B1D2-68F5-331814EA2780" name="VEHICLE">
<createdBy>anmolbagati</createdBy>
<createdTime>2019-09-26 04:55:16 UTC</createdTime>
<generatorID>E3E865A3-818A-011F-67F3-73A9D4458AF9</generatorID>
<ownerDesignName>Logical Model - Assignment 2</ownerDesignName>
<allowColumnReorder>false</allowColumnReorder>
<existDependencyGenerateInDDl>true</existDependencyGenerateInDDl>
<parsed>true</parsed>
<columns itemClass="oracle.dbtools.crest.model.design.relational.Column">
<Column name="vehicle_vin" id="6D6D5CA1-DA2B-8548-14AF-2697B50F8EF7">
<createdBy>anmolbagati</createdBy>
<createdTime>2019-09-26 04:55:16 UTC</createdTime>
<commentInRDBMS>vehicle identification number</commentInRDBMS>
<generatorID>DECDC0A6-B704-78C6-A28B-16C52A5D4CDE</generatorID>
<ownerDesignName>Logical Model - Assignment 2</ownerDesignName>
<useDomainConstraints>false</useDomainConstraints>
<use>1</use>
<logicalDatatype>LOGDT025</logicalDatatype>
<dataTypeSize>17</dataTypeSize>
<ownDataTypeParameters>17,,</ownDataTypeParameters>
<autoIncrementCycle>false</autoIncrementCycle>
</Column>
<Column name="vehicle_manfacture_year" id="5B3EC031-1EB8-C1D1-CEEA-D55B0E86237C">
<createdBy>anmolbagati</createdBy>
<createdTime>2019-09-26 04:55:16 UTC</createdTime>
<commentInRDBMS>vehicle manufacture year</commentInRDBMS>
<generatorID>A61B0A04-F685-32BF-3566-D95B2D56896A</generatorID>
<ownerDesignName>Logical Model - Assignment 2</ownerDesignName>
<useDomainConstraints>false</useDomainConstraints>
<use>1</use>
<logicalDatatype>LOGDT019</logicalDatatype>
<dataTypePrecision>4</dataTypePrecision>
<ownDataTypeParameters>,4,</ownDataTypeParameters>
<autoIncrementCycle>false</autoIncrementCycle>
</Column>
<Column name="vehicle_colour" id="99A4E6D9-5349-3632-7729-DD4976B52E8E">
<createdBy>anmolbagati</createdBy>
<createdTime>2019-09-26 04:55:16 UTC</createdTime>
<commentInRDBMS>colour of the vehicle</commentInRDBMS>
<generatorID>8A0CA0B1-078F-7D56-4538-D7CECAA4DF48</generatorID>
<ownerDesignName>Logical Model - Assignment 2</ownerDesignName>
<useDomainConstraints>false</useDomainConstraints>
<use>1</use>
<logicalDatatype>LOGDT024</logicalDatatype>
<dataTypeSize>15</dataTypeSize>
<ownDataTypeParameters>15,,</ownDataTypeParameters>
<autoIncrementCycle>false</autoIncrementCycle>
</Column>
<Column name="vehicle_model" id="A36690B0-CB35-C16A-C59F-1F966E12B2F9">
<createdBy>anmolbagati</createdBy>
<createdTime>2019-09-26 04:55:16 UTC</createdTime>
<generatorID>B744296E-008B-6070-9541-024F78FEFCE2</generatorID>
<ownerDesignName>Logical Model - Assignment 2</ownerDesignName>
<useDomainConstraints>false</useDomainConstraints>
<use>1</use>
<logicalDatatype>LOGDT024</logicalDatatype>
<dataTypeSize>50</dataTypeSize>
<ownDataTypeParameters>,,</ownDataTypeParameters>
<previousColumn>false</previousColumn>
<autoIncrementCycle>false</autoIncrementCycle>
<associations>
<colAssociation fkAssociation="E6C6F4D8-7BF3-28CF-87D6-2139C33FDD34" referredColumn="AE553208-DBAC-8412-0823-766537D17BB4"/>
</associations>
</Column>
<Column name="type_id" id="773123B2-6923-F284-B186-8B729989441F">
<createdBy>anmolbagati</createdBy>
<createdTime>2019-09-26 04:55:16 UTC</createdTime>
<generatorID>879AE162-9185-7B71-D97E-78F234DC8FC2</generatorID>
<ownerDesignName>Logical Model - Assignment 2</ownerDesignName>
<useDomainConstraints>false</useDomainConstraints>
<use>1</use>
<logicalDatatype>LOGDT025</logicalDatatype>
<dataTypeSize>4</dataTypeSize>
<ownDataTypeParameters>,,</ownDataTypeParameters>
<previousColumn>false</previousColumn>
<autoIncrementCycle>false</autoIncrementCycle>
<associations>
<colAssociation fkAssociation="24C1AC75-E1A4-E82B-AC69-3E591DE9EF8E" referredColumn="16159FE2-8B99-0600-4AE0-A4A457A82DFD"/>
</associations>
</Column>
</columns>
<indexes itemClass="oracle.dbtools.crest.model.design.relational.Index">
<ind_PK_UK id="F2CFED30-4989-A9DF-608B-5DB8B7C45AC0" name="VEHICLE_PK">
<createdBy>anmolbagati</createdBy>
<createdTime>2019-09-26 04:55:16 UTC</createdTime>
<generatorID>0AA45FBE-7E39-D2A9-A755-5A1967C9D4F0</generatorID>
<ownerDesignName>Logical Model - Assignment 2</ownerDesignName>
<pk>true</pk>
<indexState>Primary Constraint</indexState>
<isSurrogateKey>false</isSurrogateKey>
<indexColumnUsage>
<colUsage columnID="6D6D5CA1-DA2B-8548-14AF-2697B50F8EF7"/>
</indexColumnUsage>
</ind_PK_UK>
<ind_PK_UK id="E021B869-96E8-A2D6-5E56-907A07B864D5" name="CLASSIFICATION_VEHICLE">
<createdBy>anmolbagati</createdBy>
<createdTime>2019-09-26 04:55:16 UTC</createdTime>
<generatorID>2B8DDF64-9BBB-28C3-3681-7B95ABB68A85</generatorID>
<ownerDesignName>Logical Model - Assignment 2</ownerDesignName>
<indexState>Foreign Key</indexState>
<isSurrogateKey>false</isSurrogateKey>
<indexColumnUsage>
<colUsage columnID="773123B2-6923-F284-B186-8B729989441F"/>
</indexColumnUsage>
</ind_PK_UK>
<ind_PK_UK id="5BAF60BC-6E91-3C9B-F95A-37F3172D39EE" name="MODEL_VEHICLE">
<createdBy>anmolbagati</createdBy>
<createdTime>2019-09-26 04:55:16 UTC</createdTime>
<generatorID>833461E3-8E34-9AB1-FD51-24C02922896A</generatorID>
<ownerDesignName>Logical Model - Assignment 2</ownerDesignName>
<indexState>Foreign Key</indexState>
<isSurrogateKey>false</isSurrogateKey>
<indexColumnUsage>
<colUsage columnID="A36690B0-CB35-C16A-C59F-1F966E12B2F9"/>
</indexColumnUsage>
</ind_PK_UK>
</indexes>
</Table>