<?xml version = '1.0' encoding = 'UTF-8'?>
<Table class="oracle.dbtools.crest.model.design.relational.Table" directorySegmentName="seg_0" id="F5F16F27-3849-E380-E984-65894C8430B7" name="ENGINE_TYPE">
<createdBy>anmolbagati</createdBy>
<createdTime>2019-09-26 04:55:16 UTC</createdTime>
<generatorID>EB40F185-0933-0B2A-449F-60BB8419CACA</generatorID>
<ownerDesignName>Logical Model - Assignment 2</ownerDesignName>
<allowColumnReorder>false</allowColumnReorder>
<existDependencyGenerateInDDl>true</existDependencyGenerateInDDl>
<parsed>true</parsed>
<columns itemClass="oracle.dbtools.crest.model.design.relational.Column">
<Column name="engine_type" id="2025B172-10C6-80E5-40E0-C5E6D82AD94D">
<createdBy>anmolbagati</createdBy>
<createdTime>2019-09-26 04:55:16 UTC</createdTime>
<commentInRDBMS>engine type</commentInRDBMS>
<generatorID>94E4917E-926B-08D4-4070-F43D96416A2B</generatorID>
<ownerDesignName>Logical Model - Assignment 2</ownerDesignName>
<constraintName>chk_engine_type</constraintName>
<useDomainConstraints>false</useDomainConstraints>
<use>1</use>
<logicalDatatype>LOGDT025</logicalDatatype>
<dataTypeSize>8</dataTypeSize>
<listOfValues>
<valueDef value="Deisel" description="deisel engine"/>
<valueDef value="Electric" description="electric engine"/>
<valueDef value="Gas" description="gas engine "/>
<valueDef value="Petrol" description="petrol engine"/>
</listOfValues>
<ownDataTypeParameters>8,,</ownDataTypeParameters>
<autoIncrementCycle>false</autoIncrementCycle>
</Column>
<Column name="vehicle_model" id="8330668E-DA61-1718-EA1C-8F30DE0053AF">
<createdBy>anmolbagati</createdBy>
<createdTime>2019-09-26 04:55:16 UTC</createdTime>
<comment>model of the vehicle</comment>
<generatorID>881EBF7F-7A2A-36C4-24AA-9008586E3B26</generatorID>
<ownerDesignName>Logical Model - Assignment 2</ownerDesignName>
<useDomainConstraints>false</useDomainConstraints>
<use>1</use>
<logicalDatatype>LOGDT024</logicalDatatype>
<dataTypeSize>50</dataTypeSize>
<ownDataTypeParameters>50,,</ownDataTypeParameters>
<previousColumn>false</previousColumn>
<autoIncrementCycle>false</autoIncrementCycle>
<associations>
<colAssociation fkAssociation="DD0ABFCF-A7A8-39A6-1E7C-A9B4FE8211E3" referredColumn="AE553208-DBAC-8412-0823-766537D17BB4"/>
</associations>
</Column>
</columns>
<indexes itemClass="oracle.dbtools.crest.model.design.relational.Index">
<ind_PK_UK id="1721BB0B-724E-5B14-7A51-7B6632848F08" name="ENGINE_PK">
<createdBy>anmolbagati</createdBy>
<createdTime>2019-09-26 04:55:16 UTC</createdTime>
<generatorID>AD5A8C30-32AB-ED45-F33A-B4AAE9F427E1</generatorID>
<ownerDesignName>Logical Model - Assignment 2</ownerDesignName>
<pk>true</pk>
<indexState>Primary Constraint</indexState>
<isSurrogateKey>false</isSurrogateKey>
<indexColumnUsage>
<colUsage columnID="2025B172-10C6-80E5-40E0-C5E6D82AD94D"/>
<colUsage columnID="8330668E-DA61-1718-EA1C-8F30DE0053AF"/>
</indexColumnUsage>
</ind_PK_UK>
<ind_PK_UK id="BE47E2A8-798E-F872-8889-3EC2565A2896" name="MODEL_ENGINE">
<createdBy>anmolbagati</createdBy>
<createdTime>2019-09-26 04:55:16 UTC</createdTime>
<generatorID>FB12C2DC-7469-1048-CB21-225CA78628AF</generatorID>
<ownerDesignName>Logical Model - Assignment 2</ownerDesignName>
<indexState>Foreign Key</indexState>
<isSurrogateKey>false</isSurrogateKey>
<indexColumnUsage>
<colUsage columnID="8330668E-DA61-1718-EA1C-8F30DE0053AF"/>
</indexColumnUsage>
</ind_PK_UK>
</indexes>
</Table>